,0
184l,4.897246127684639
185l,4.54553837073894
186l,4.480777765676645
187l,3.9916685482782066
188l,4.257393373241566
1a28,8.005440408323638
1a4k,5.556401158705954
1a4r,5.071686023729089
1a4w,5.254513636958877
1a94,5.851893408950256
1a99,2.642638729974536
1a9m,5.6960923403950865
1a9q,4.191825227880688
1aaq,4.888056465975849
1add,6.416587908665852
1adl,4.248076407648546
1ado,3.1586814622860406
1afk,3.1917073773729197
1afl,-0.8511401302528911
1ai4,4.173340983679401
1ai7,3.6147371354578905
1aid,5.199709314798313
1ajn,4.188422646865129
1ajv,8.861432425351001
1ajx,8.734523043268783
1alw,3.1573395254624512
1amw,2.8901017427980635
1apv,6.315867453668336
1atl,3.2288482855967167
1atr,6.43209589996937
1azm,2.9366942649539682
1b05,5.136521122547814
1b0h,7.1626481253582766
1b1h,6.693210155960777
1b32,5.461332086854745
1b38,5.869537937145957
1b3f,5.751826610435224
1b3g,5.675293893441208
1b3h,6.457154480477623
1b3l,4.86336370926678
1b40,6.82103094991745
1b46,6.3123435142796245
1b4h,5.115365944929339
1b4z,5.625201563676844
1b51,5.239285434411907
1b52,5.604515731697476
1b57,2.413346597944964
1b58,6.895258907029408
1b5h,4.93450909375348
1b5i,5.5775507405493
1b5j,5.583866621992406
1b6h,5.6852715102356255
1b6j,8.492277041547023
1b6k,8.39328708000875
1b6l,8.166231509351828
1b8n,6.853184973291739
1b8y,7.619545962687334
1bai,4.738699282219905
1bcd,2.732703605046927
1bdq,7.210606716118023
1bgq,5.528806293119601
1bhf,4.077914831427648
1bhx,6.3634833032013125
1bju,4.155844044052779
1bjv,3.724926341448853
1bm7,4.851299917556358
1bn1,3.057375549315449
1bn3,3.617500049428793
1bn4,2.8473005331613446
1bnn,3.802510014959649
1bnq,3.945378897451264
1bnt,4.776507486628066
1bnu,4.633032162006635
1bnv,3.6717794179348857
1bnw,2.951349250285962
1bp0,5.1550085143726125
1bq4,5.099689380900002
1br6,6.562158501337876
1bty,2.417827065145121
1bv7,9.759559230170584
1bv9,9.628497083469313
1bwa,9.614369849679356
1bwb,10.054703493148931
1bxq,6.585087189936915
1bxr,5.016949900077934
1bzy,7.461331016635054
1c1r,4.6570751093286225
1c1u,5.159067200022275
1c1v,5.115295648004256
1c3x,2.2167191037703797
1c4u,4.745109592368345
1c5c,5.826764881252865
1c5n,3.0546678936239644
1c5o,2.335398499578766
1c5p,2.734442492168868
1c5q,3.9527471343549334
1c5s,3.2537575288561635
1c5t,3.332070052077764
1c5x,3.236747421665934
1c5y,2.810852801581894
1c70,8.51288278399483
1c83,5.68665191801324
1c86,4.5808693954438215
1c87,4.220208748024558
1c88,5.204252734468693
1cbx,5.047864109524774
1ceb,3.11609796327551
1cet,3.4328233822541745
1cgl,4.851691621815524
1ciz,8.417340519409109
1cnw,2.4468936195909126
1cnx,3.5825631771346966
1cny,3.023779564637105
1ctt,5.372866379393995
1ctu,6.468712554010586
1d2e,5.881830456164855
1d3d,6.652847829941286
1d3p,6.714926659772075
1d4h,8.72699952360523
1d4i,9.814350262365211
1d4j,8.801937444686926
1d4k,8.546835149601824
1d4l,8.281753489042579
1d4p,6.515472249948528
1d4y,7.611820295647175
1d6v,6.9368991681944285
1d6w,5.004274070462565
1d7i,0.6188873960091179
1d9i,1.4181761995588273
1dar,3.8920522096612147
1dgm,2.8962182747521297
1dhj,6.7747580864159005
1dif,8.237336324468828
1dl7,1.925587186428893
1dmp,9.364857034478176
1dqn,6.440353865118858
1drj,5.818953528906015
1drk,5.597618239376698
1dud,4.287020904144235
1duv,6.414539854967927
1dy4,6.555175673446351
1dzk,1.9622209775314476
1e1x,3.9321242548457884
1e2k,4.740719706778121
1e2l,5.15827994440854
1e3g,8.45609266113467
1e4h,4.499897130355294
1e5j,4.6609127618606125
1e6q,5.06292408908187
1e6s,4.4877459046584525
1eb2,4.555524730931999
1ebw,7.647026114883503
1ebz,8.325380949850976
1ec0,10.081299512874411
1ec1,7.613323460741724
1ec2,8.005990193230254
1ec3,6.946859647927507
1ec9,3.661389812196453
1ecq,1.9210759424655155
1ecv,5.609057402688128
1efy,6.1924309495267575
1ejn,6.353745255529689
1elc,2.0280367359418703
1eld,0.27799681885394567
1ele,4.681193599614878
1elr,3.9180305957066177
1enu,6.121934674955247
1eoc,3.000832340032945
1epo,7.068308252953819
1erb,6.1614877119964255
1ew9,-0.3872462625003593
1ex8,8.644868933064597
1ez9,4.7026362601807055
1ezq,6.479599134527835
1f0r,6.1105521688670175
1f0s,5.797475545009673
1f0t,4.867481500291262
1f0u,5.855446026686514
1f3e,6.102885257465734
1f4x,3.8728412141647963
1f57,1.6782875002920001
1f5l,4.956149704864565
1f73,4.477275509916566
1f74,3.2243716654919625
1f8e,4.341844112045866
1fao,2.5560628206962885
1fch,3.7930388158145822
1fcy,11.717891668589946
1fhd,5.755125319874915
1fiv,7.379478116435294
1fjs,5.437681543263815
1fkf,9.076662024740571
1fkg,5.480101365851765
1fkh,-1.2178179846176465
1fkw,5.566053521070886
1fl3,3.5606609635362405
1fm9,8.249710681699018
1fpc,5.379883481408197
1fq5,9.507917922003973
1ft7,1.6244218694096522
1fv0,5.10384074657527
1fzj,5.552031557800579
1fzm,7.026656100766645
1fzo,6.272789777766555
1fzq,5.811619915860969
1g1d,3.2385023966413757
1g2l,6.033057678022371
1g2o,7.061756299747376
1g30,5.248291834485159
1g32,5.706716968689018
1g35,8.07390751493829
1g36,5.077073705972349
1g3d,3.5315402000188674
1g3e,2.5709246748401546
1g45,3.137800127913035
1g46,3.268856678839176
1g48,3.246955164712611
1g4o,2.9347864553702623
1g52,3.6828233796276932
1g53,3.1776952067090933
1g54,4.007743811285623
1g74,2.899910262262742
1g7f,4.6016930233857885
1g7g,3.9320312250842364
1g85,2.5710677168419394
1gai,8.212936646482241
1gfy,4.924513640425833
1ghv,4.174929134608751
1ghw,2.4551484371168906
1ghy,3.97589965395921
1ghz,4.062915356189155
1gi1,2.365193903735363
1gi4,4.976693194314039
1gi7,4.17797358601593
1gj6,5.973846682946189
1gjc,3.7496383336349344
1gnm,3.776324235498455
1gnn,3.2037540320220033
1gno,2.9975332808573083
1grp,4.71121878028779
1gvw,5.933907537420976
1gvx,6.155364535059391
1gwv,4.811587051188003
1gx8,4.349086444009089
1gyx,4.233639657546659
1gyy,4.569814242200753
1h0a,2.321408886883436
1h1s,6.670708145215473
1h2k,3.1728842390402647
1h2t,6.932070014256425
1h46,4.698493987640025
1h4w,2.777893336324694
1h5v,5.552714242366555
1h6h,3.144756026136743
1hbv,5.7273307550635755
1hdq,4.6392711015416905
1hee,5.33288106872395
1hi3,3.3285730423568705
1hi5,3.3933357458348388
1hih,7.172520471633043
1hii,7.447775950852236
1hlk,5.700656394486262
1hmr,3.8414198875967145
1hms,3.96233584477775
1hmt,3.96735490533426
1hn4,5.902104648936153
1hos,6.0616367005598795
1hp5,4.251681485776657
1hpo,7.341985723586085
1hps,6.914473399885284
1hpv,6.2470100417383
1hpx,6.153192674836694
1hsh,7.934867891315969
1hsl,4.328091095717791
1hvh,5.613043343261088
1hvi,7.123861709510037
1hvj,6.83255684774341
1hvk,7.599144466031808
1hvl,6.978096663652213
1hvr,10.616655013842529
1hvs,7.020083163403461
1hwr,6.917574858251609
1hxb,7.687224764480415
1hxw,6.5911019487307865
1i1e,0.4320222998713753
1i2s,3.4735760135890494
1i37,7.896564810544665
1i5r,9.327980176893371
1i7z,6.0731800851831235
1i9n,2.6227763512792817
1i9p,2.7023306119760333
1ie9,8.993565463517958
1if8,2.756427942922397
1igb,4.056616262071442
1ii5,4.4251375746058965
1iiq,7.019420064050444
1ik4,3.0782453424022465
1ikt,4.5815723646946465
1ivp,5.51820509713403
1iy7,5.041053001982579
1izh,6.9020255981065
1izi,6.921884304574326
1j01,4.4614908774800135
1j14,2.8294935526188745
1j36,5.240885126627465
1j37,2.9190343483766577
1j4r,5.100316457450614
1jak,5.469543886859404
1jao,4.605268723694461
1jet,5.332488315256946
1jeu,5.687089787417236
1jev,6.7428887481013975
1jgl,9.415607917028263
1jlr,3.918014857589062
1jmf,4.329909722635347
1jmg,3.103238172552712
1jn4,6.2205371290657006
1jq8,0.9366615856549021
1jqy,3.4627219585147486
1jsv,3.7907431490671124
1jvu,3.4131370956075715
1jzs,4.871498567363388
1k1j,5.275198419730407
1k1l,4.501583906821328
1k1m,4.763184995249128
1k1n,4.199300134247791
1k1o,4.524050244500173
1k1y,7.27608917617221
1k21,6.031675521565028
1k22,6.357893123845501
1k27,7.142782424171539
1k4h,4.874827703830354
1k6c,7.275152583309668
1k6p,7.372593914080452
1k6t,7.341317028457937
1k6v,7.508874820563219
1kav,5.895726864230661
1kdk,8.384026771638931
1kjr,5.088854911038659
1km3,3.822387257432595
1kmy,4.030778120140258
1koj,3.4362934623072507
1kpm,3.927271668599424
1kug,6.861219806907883
1kui,6.106870148830857
1kuk,6.3814177624959845
1kyv,7.177678377359991
1kzk,8.99481332137216
1kzn,6.185066209982545
1l8g,5.592047295497899
1laf,6.028687377645105
1lag,5.081812977772313
1lah,4.731984002326827
1lan,1.6195005600499606
1lcp,1.507574740220704
1lee,6.674649669323331
1lf2,6.514074005637683
1lgt,4.923777795996114
1lgw,4.012772664448613
1lhu,7.928376092692183
1li2,4.026510642131023
1lke,9.716381529788338
1lnm,9.471751727860797
1lpk,6.616467597399351
1lpz,6.396300425928619
1lrh,5.258658357651177
1lst,4.800289181198628
1lyb,5.493813463074195
1lzq,5.936548043810889
1m0b,5.1577493949789375
1m0o,5.223735125058963
1m1b,4.000310873232003
1m2p,6.36282230226397
1m2r,7.610296146395886
1m2x,1.7192727060307549
1m48,5.9530059179428845
1m4h,6.31944874975214
1m5w,1.7913580058714804
1m83,7.052246279912339
1mai,2.255841440994449
1mes,8.686013268658638
1met,8.650696932863475
1mfa,4.287607411325147
1mfd,4.6051232335410575
1mfi,4.6912443112219435
1mmq,5.721346773032923
1mmr,5.279827174971534
1moq,4.6269866264495425
1mq5,6.5815058938531115
1mrn,6.877220226422922
1mrs,5.598369472188027
1mrw,7.7533318529335915
1mrx,7.702106728441158
1msm,8.642372517884306
1msn,8.498482756167238
1mtr,8.186528085223648
1mu6,6.277560176065683
1mu8,6.596271046007996
1mue,6.065632084003373
1my4,5.596881345739141
1n0s,6.988012377184244
1n3i,6.360348270184202
1n46,7.963899472167193
1n4h,6.368332741824166
1n4k,2.2954854093815054
1n51,6.195852766019329
1n5r,3.7277133872000086
1ndv,2.6693935298193576
1nf8,6.999614517446363
1nfu,6.348485926378494
1nfw,6.885925154110995
1nfx,6.869335779263423
1nh0,7.320710586538239
1nhz,8.678464568006996
1njc,5.693341317446336
1njd,5.767938245980991
1njs,7.550512283840673
1nl9,6.313079358709344
1nli,4.127881256251565
1nm6,10.01799800617751
1no6,5.795150850178713
1np0,3.6428674467770863
1nq7,7.498838098393981
1nt1,10.291273280472241
1nvr,10.14101482718427
1nvs,8.594382450889448
1nw4,6.266772920557008
1nw5,6.156043022794018
1nw7,5.678776214252383
1nz7,5.8133367696183305
1o0f,3.1459724077558318
1o0m,3.5913856161005198
1o0n,3.5059049049361812
1o1s,2.926191869373053
1o2h,5.059440369326912
1o2j,0.9527664887837151
1o2n,3.792562825192506
1o2o,4.101936095121003
1o2q,5.568527553150654
1o2r,5.574039391654632
1o2w,2.405547836092158
1o2z,4.445226057590037
1o30,5.178091436523698
1o33,3.463120657492828
1o35,2.2320092095797355
1o36,1.8354254344995473
1o38,4.752998935831084
1o3d,5.223373498091125
1o3i,4.996165792297829
1o3j,3.2755362856657935
1o3l,3.754766511806498
1o5a,2.730595047030399
1o5c,2.2271503280863487
1o5e,4.5780333866602705
1o5g,4.503243753619544
1o5r,6.557898018047554
1o7o,5.6972031017585785
1o86,6.434374779391446
1oar,7.071037592273937
1oau,4.455389384171612
1oba,1.4769763423328168
1ocq,5.667728055728228
1odi,6.612526073291494
1odj,6.3131982689308765
1oe8,3.243010492981242
1ogd,3.619022799736301
1ogg,6.512714232280864
1ogx,6.028898618156298
1ogz,6.143494497062878
1ohr,7.844436667840474
1oif,5.145478559588671
1okl,3.751995553908844
1ony,5.838327851089068
1onz,6.509431610694675
1ork,7.6954876259331435
1os5,5.954439135848297
1oss,2.7146481371150486
1owe,4.714739921788936
1oxr,3.0205945193797614
1oyq,4.429106028381573
1p19,1.8662069191550001
1p1o,5.843247586637004
1p57,2.8936057472378707
1pa9,4.520378716542383
1pb8,3.9662885604358697
1pfu,1.6921720173356525
1phw,-0.5949087126671495
1pkx,7.709051784850549
1pme,5.7702671376433
1pot,4.001995201546417
1ppc,5.075913282104571
1pph,5.026860367570779
1ppi,7.633049967022082
1ppk,5.236525668064515
1ppl,6.5421333205599055
1pro,9.288419445661386
1pvn,6.36337418558626
1pxp,5.974513979130554
1pyn,6.114745502855768
1pzi,2.6904430871822362
1pzp,4.323386098040504
1q1g,5.820070935252475
1q54,1.1802371960081657
1q5k,3.977276914113313
1q65,5.460406685542465
1q72,5.234740965533691
1q84,10.177271952673323
1q8w,5.743937266972486
1q91,6.272478512774896
1qan,6.861202320110598
1qaw,6.291837796312285
1qb1,3.2060657866229736
1qb6,5.014074720868466
1qb9,4.778502730198193
1qbn,5.437981966441158
1qbo,4.724693057067155
1qbq,3.9683446580605453
1qbr,9.347245731197317
1qbs,9.211692974953463
1qbt,10.441289716485798
1qbu,8.123223081167291
1qbv,5.087581522460424
1qf0,6.968780397531084
1qf2,4.929616287873362
1qft,3.552742941725956
1qhc,4.8729440260269
1qin,5.179941539676365
1qji,4.705078466289417
1qk3,5.510607433449992
1qk4,5.720978501082118
1qka,6.480924633761978
1qkb,5.76351478573998
1ql7,6.383593120078139
1ql9,6.512812857817547
1qxk,6.302417308669224
1qxl,6.416991503947171
1qy1,3.7764665780283493
1qy2,3.773742834483363
1qyg,6.300354566061579
1r0p,9.559883087757473
1r9l,3.633544885408935
1rbp,6.502105342104488
1rd4,5.768776563042795
1rjk,9.704727628606259
1rmz,3.180080755594603
1rnm,2.824897497688669
1ro6,4.940205942572725
1rp7,6.086801600795622
1rpf,3.0665089035369855
1rpj,5.491919293192371
1rql,3.1966571902121843
1rr6,5.822079818524483
1rtf,3.520503932516865
1s19,8.952328797634257
1s5z,4.454360810755355
1sb1,6.098688426117527
1sbg,7.215705866206095
1sdt,8.818478555973993
1sdu,8.52833621649082
1sdv,8.758987772141266
1sgu,7.478845792794905
1sh9,5.075636990707481
1siv,6.407084184077837
1sld,6.235481346024775
1sqo,4.704807420931512
1sqt,4.717203461790333
1sr7,9.48103931563438
1srg,4.664657734366996
1ssq,2.238353069898497
1stc,9.596727769635276
1str,4.234283171686717
1sw2,3.15374913624406
1swg,4.8350983998725505
1swr,4.715747161312505
1szd,7.059531979132827
1t31,6.449931733727359
1t32,7.6763304897723605
1t4v,5.744882603233669
1t5f,-2.9332407973583123
1t7d,5.35866115448815
1t7j,6.2451249649910645
1ta6,5.93241696282047
1tcx,7.185272543684571
1td7,4.859694629460609
1thz,4.822233013374621
1tjp,5.593859627168433
1tng,3.1395687425903587
1tnh,3.395936032590999
1tni,1.8213247806414625
1tom,6.126624633986868
1tpw,2.359622610120618
1tq4,6.406497327160979
1txr,5.074024358261932
1u0g,3.5253638632180895
1u1w,5.646788665188239
1u71,6.596742490062778
1ua4,4.592418375842197
1ucn,4.358026044516715
1ugx,3.4822533121374133
1uho,6.349065788576437
1ui0,3.7220745945477463
1uj5,2.696101115311511
1uml,7.085309616745406
1uou,4.754644793191472
1upf,2.4279501720929426
1usi,5.612610719896276
1usk,4.366457828431209
1usn,4.719310970599024
1utj,3.3845685651484336
1utl,2.61334239901243
1utm,2.296580257759469
1utn,3.400858915762446
1uv6,2.1245426979259223
1uvt,6.250862732915954
1uw6,4.118371236416528
1uwf,3.901480041549017
1uwu,4.385949661892012
1uz1,5.296656818413791
1uz4,5.005440090105476
1uz8,6.178649254851137
1v0k,-57.75431408564459
1v1j,7.099403975356468
1v2j,2.3640660053105322
1v2k,7.243229385659529
1v2l,2.812311550211341
1v2n,6.403507784297273
1v2r,2.9598069146604367
1v2s,2.7418432545154854
1v2t,3.0853764583347423
1v2u,2.4798359477867735
1v2w,2.9030494921112013
1v7a,5.560345830437324
1vyf,3.864052699585705
1vyg,4.403653645198478
1w0z,3.8854736765228997
1w11,3.158118737149435
1w13,5.710305259491735
1w3j,4.847337059555814
1w4p,3.9770013221881135
1w4q,3.9577749383100858
1w5v,10.03335840891195
1w5w,10.309492424826699
1w5x,10.460658093157774
1w5y,10.007110026716477
1w7g,4.393594889664663
1w96,9.346684754740439
1w9u,8.014496470901177
1w9v,6.525522961555592
1wc1,4.698791962665748
1wcq,5.494198872086339
1wdn,5.025831794154524
1wht,4.8353949759544905
1wm1,3.463026578523439
1wn6,7.9875877872402565
1ws4,3.8255799968807436
1wvj,6.739655089547604
1x38,6.163605712883487
1x39,5.478579664752094
1x8d,3.3982327485463055
1x8j,6.013604665251539
1xap,11.004182726345176
1xbo,7.790768987503383
1xff,4.322466991975247
1xgi,4.124507003847607
1xh4,8.623535739849768
1xh5,8.257723132214636
1xh9,9.247340860425135
1xhy,6.119419374033888
1xjd,9.536541011270636
1xk9,2.808059635451689
1xka,4.6087349566521345
1xkk,7.08283698360942
1xow,8.616926429948233
1xpz,2.8912658388932724
1xq0,4.022948231788286
1xr9,7.823219586959613
1xt8,3.588222254471808
1xug,4.886954448010998
1xws,7.587110052140822
1y0l,5.398315964689522
1y1z,4.754376545721133
1y20,3.859185074693676
1y3n,7.16634693271983
1y3p,7.685203290714362
1y3v,5.203288162730496
1y3x,5.345325373143276
1yc4,6.074747601691678
1yda,3.351784317600022
1ydb,3.6376280525747955
1ydd,2.015608519376046
1ydk,4.2874899000473965
1yds,4.30569575443592
1yet,7.202735558924462
1yfz,3.182038577418542
1yp9,5.020744535088604
1ype,7.686310554718397
1ypj,7.294865799624088
1yq7,2.831317775311562
1yqj,9.104320542269038
1yqy,6.776178014355376
1yvm,4.88205115005251
1z1h,7.758344967979025
1z4o,4.794819660744077
1z6s,3.5463623591328988
1z71,7.639291354708758
1z9y,4.853813819533935
1zdp,4.300750488163949
1zfq,3.922195601083767
1zge,3.2857017106630426
1zgi,6.4944244412653775
1zhy,7.448737724702866
1zog,3.8213009775853006
1zoh,5.209134698534496
1zp8,5.829284728741518
1zpa,3.8798876939984366
1zsf,6.490295458690633
2a14,7.884555577641769
2a4m,0.8042234903093235
2a5s,4.959967072711705
2aac,5.199166174874666
2afw,3.040829891461088
2afx,3.4362476468983663
2aj8,6.14845025541322
2am4,7.806702257716852
2amt,6.843716222298293
2ans,5.177145750526569
2aoc,5.7941061889089545
2aod,5.543927126731246
2aoe,3.6553775015542
2aog,6.113045086687852
2aqu,7.241126073682187
2arm,-0.19714272079806658
2avm,6.127401747258178
2avo,8.50029368889399
2avq,5.818288331137324
2avs,9.021797547997348
2ax9,4.4591382037733975
2azr,3.26505679778932
2b07,4.850742438458938
2b1g,7.214401351128694
2b1i,7.155174268199011
2b4l,3.8773688957176202
2b9a,3.8249333351171746
2bal,6.319226317690685
2bes,4.219067209897847
2bfq,7.3635679287942395
2bfr,6.528911203397379
2bo4,2.3862527291008027
2boh,5.450359471294858
2boj,4.675665673257398
2bpv,6.969313395112307
2bpy,7.904715057022883
2bq7,4.698906326319987
2bqv,7.680132818973836
2bt9,4.899050065692477
2buv,2.3931129745433655
2bvd,4.430125858399187
2bvr,4.590069898966929
2bvs,2.9925425489123985
2byr,6.771132024131049
2bys,8.114388751179316
2bza,3.2278648281174536
2c1p,6.940765149338018
2c3l,4.660234274125985
2c80,4.001211793028085
2c92,5.732541121182374
2c94,6.574178226319142
2c97,3.72622630995896
2ca8,2.9472723783671246
2cbu,6.17354800634739
2cbz,4.044929135974522
2cc7,5.97206233015131
2ccb,3.9802409262529843
2ccc,5.581079226505304
2cej,8.99281982648176
2cen,9.039760685639568
2ces,5.534495797483988
2cex,3.7523323496245378
2cf8,8.102918111632773
2cf9,7.789763146923597
2cgf,6.161016267941643
2cht,6.451728677016283
2cle,4.108620598250861
2clh,6.0660097988247115
2cli,5.315724771908425
2clk,3.481123315296909
2cn0,8.638591872311462
2csn,4.311594051159879
2d1n,4.921313906258771
2doo,4.720858901894622
2dri,5.831504153052829
2dw7,2.3953037205071297
2e1w,5.879459246453118
2e27,6.270275875788979
2e2p,5.2177469461969626
2e2r,7.023071307323385
2e7f,5.756496634517941
2e91,2.42168745051358
2e92,2.17383535645048
2e9u,7.618804522482485
2epn,4.812981098667498
2erz,5.63834918708294
2euk,5.183442396492662
2evl,4.859936996470969
2ewa,7.769629548002464
2ewb,3.1272569880944476
2ews,6.124260418994044
2exm,3.709723319889972
2ez7,-1.8613768908771322
2f1g,3.0613824740451503
2f34,5.661366009140291
2f35,5.321270884535081
2f6t,5.766162986320699
2f7i,3.730558489118147
2f7o,3.2508830491185874
2f7p,5.384952204468994
2f81,6.023656775802387
2f8g,6.756008042895893
2f94,5.35099878965416
2f9k,4.808864356850853
2fgu,7.675852050998664
2fgv,8.26248094001972
2fle,7.596633361941796
2flr,4.276922278712611
2fmb,6.6989017587408375
2fpz,4.259088543370296
2fqo,3.1786552318799957
2fqt,3.6533395901987
2fqw,6.1488307681221235
2fqx,6.140168508219424
2fqy,5.779520801030151
2fu8,1.3367542614781374
2fw6,5.302879320359399
2fx6,3.594838559092257
2fxu,5.729863542782218
2fxv,5.573368598110811
2fzg,0.3257956895789977
2gh9,6.782722972842906
2gj5,3.8442740826494415
2gkl,2.8548331459594856
2glp,4.445012368927223
2gst,6.511395727765636
2gsu,3.9775696430998506
2gv6,4.381593350952572
2gv7,5.410677731425667
2gvj,7.200539217185566
2gvv,4.70408801409124
2gz2,4.304746920815279
2gzl,8.146234307449513
2h15,3.848663968239666
2h21,4.809248017183267
2h4g,4.553550471518613
2h4k,4.358810152506939
2h4n,3.4301688864264337
2h6b,3.8886083598040653
2h6t,5.635497090445887
2ha2,2.7017923683556253
2ha3,2.4958673189330067
2ha6,3.790377325267927
2hah,5.234677663327521
2haw,2.366896942922871
2hb3,7.595738037920846
2hhn,3.894430763827811
2hjb,3.600028290790261
2hkf,5.226208107930893
2hl4,3.979707928671762
2hmu,5.713975388505743
2hmv,5.238539447639763
2hnc,2.357855394387077
2hnx,3.9552746760343913
2hoc,3.9234294695001406
2hs1,6.590225510450903
2hu6,5.035340065309832
2hxm,5.985589417058474
2hzl,2.7964868730090076
2i0a,7.398353365423856
2i19,2.295709240386743
2i2c,7.475032272043166
2i3h,4.193527042992386
2i3i,5.600473833373207
2i4d,6.536790054781746
2i4j,3.519665965191007
2i4u,6.804751441117754
2i4v,7.092554746596194
2i4w,6.270365408191074
2i4x,6.561952157129922
2i4z,3.260167139532713
2i6b,5.6326519885277495
2i80,5.214889253784778
2idw,7.104389111526248
2ihq,6.705815338915118
2iko,7.341345007333591
2isw,3.101152347372653
2iuz,5.5799013158402415
2izl,5.298068002954626
2j2u,6.037934396048988
2j34,6.145779671731978
2j47,5.904254126058327
2j4g,5.587233529941505
2j4i,6.335824086200953
2j75,5.813585431875712
2j79,5.290170265829191
2j7b,5.366352197669685
2j7d,6.027207994594861
2j7e,5.873652230810982
2j7f,4.9647024974162655
2j7g,5.395118328938135
2j94,6.043846332474829
2j95,5.93181821488146
2jdp,4.371177864754159
2jds,7.419175944157986
2jew,4.0154019792882645
2jf4,9.291551680790931
2jfz,7.580167793618997
2jg0,8.856976089931099
2jgs,5.315319777683323
2jh0,5.461537731590808
2jh5,5.445694693251325
2jh6,5.61481930239327
2jiw,5.666848120088887
2jjb,8.104840260390251
2jke,3.628750355329554
2jkh,6.395678595417193
2jkp,4.371817531798816
2jxr,6.360644846266141
2nmx,3.457866224644873
2nmz,5.102267634291583
2nn1,3.976979988295427
2nn7,3.8383495557295557
2nnd,3.921688833698471
2nt7,5.736920514694229
2nta,6.31721953283435
2o0u,7.5034196392824395
2o4j,10.008641870158574
2o4k,8.103087383830484
2o4l,9.319559234793193
2o4n,9.319701927059032
2o4p,8.610751492091238
2o4r,9.779073796467857
2o4s,8.469896738910816
2o4z,1.4935408859282449
2o8h,5.637669999876422
2oag,8.202540395760842
2oax,9.469704373634762
2ogy,5.069345590780572
2oi0,4.51406178589144
2oiq,8.522956578174309
2ojg,5.846877845753204
2ojj,7.228623713095876
2olb,6.096872597087536
2on6,2.9660119298087615
2ot1,3.5750595924200477
2ovv,6.75814912635537
2ovy,6.107207294282496
2oxd,3.7214639555865827
2oxn,2.9772248139633337
2oxx,4.022999992708248
2oxy,3.937341965419447
2oym,5.004610866178259
2p09,4.378617098054803
2p16,7.512313424381182
2p2a,7.556029018647893
2p3a,6.285169031299983
2p3b,5.458960177671117
2p3c,5.937829476315875
2p3i,3.29134819750611
2p4j,7.45781127407769
2p4s,6.501045642189066
2p53,5.105161699242118
2p7a,3.9272020711462328
2p7g,6.78110929118952
2p7z,6.249889767515062
2p95,6.781601019929152
2pbw,6.934376173082265
2pgz,6.569565209195571
2pk5,9.133457743375859
2pk6,8.587395426166575
2pou,5.1509323419256665
2pov,5.160839312059054
2pow,4.747663713979675
2pql,5.222792586685344
2pqz,8.085876877943377
2psu,6.398976605384992
2psv,6.0239127825146275
2ptz,3.7262703766881167
2pu1,4.320006599597361
2pu2,4.716547007420284
2pv1,4.4183191226088425
2pvh,6.213999165297086
2pvj,7.071227848628388
2pvk,7.062438984313351
2pvl,6.796136745303667
2pvm,5.999254999400128
2pvu,4.785048388157613
2pwc,8.330227590586263
2pwd,3.3260157731220295
2pwg,4.587505635013175
2pwr,8.815407874370889
2py4,7.724494725268168
2pym,0.03426817989826096
2pyn,1.696469222900271
2pyy,4.481264248377092
2q1q,4.269002508222599
2q2a,5.919978254176276
2q38,3.340237435617321
2q54,7.062099740446038
2q55,7.744132398618322
2q5k,8.149791122017117
2q63,0.6417187268642768
2q64,7.470373789246657
2q6f,3.917714434411719
2q7q,4.300194757746257
2q88,5.164553507802218
2q89,6.045316622390485
2q8m,4.700828475077466
2q8z,5.204783283898296
2qbs,5.599166170672294
2qbu,7.409157408257923
2qbw,6.933885143814525
2qci,2.7647604018283167
2qd6,2.649373595080572
2qd7,7.780346856322002
2qd8,-0.9544194282970039
2qdt,0.536935301951764
2qg0,6.42803126880863
2qg2,7.033399009799432
2qhy,7.288099108546995
2qhz,7.82993241870107
2qi0,7.1714488806954675
2qi1,7.542346648980845
2qi3,6.06981352696997
2qi4,7.698307896599139
2qi5,6.642511034330651
2qi6,7.716450099045547
2qi7,5.5378025508504285
2qm9,5.0447843347870815
2qmg,9.333580848327554
2qnn,9.09456430832824
2qnp,8.885173200815919
2qpq,2.794973915307979
2qpu,3.832814984389107
2qrk,3.718129223344486
2qrl,1.206229484057409
2qtg,5.841689163263036
2qtt,6.486552584599924
2qu6,7.308906298899515
2qw1,2.2874886969834423
2qwc,4.022266246694203
2qwf,2.937912744988731
2qzr,5.9876346728688326
2r0h,3.7523250051696784
2r0z,4.913003130981483
2r1y,3.2399114827665363
2r2m,6.646545588200061
2r2w,5.608795100728865
2r38,9.110042222340427
2r3t,9.192910755726453
2r3w,8.941569521001238
2r43,8.798357547546905
2r58,2.682344426756006
2r5a,2.2866446092785337
2r5p,8.011832182466957
2r9x,5.714558748063143
2ra0,7.3976818724081435
2ra6,4.5309169600577315
2rcb,3.56180355087079
2rd6,6.490018467821651
2reg,3.487009371262769
2rfh,0.41112173002135766
2ri9,1.6414837375198428
2rin,0.6358134354214036
2rke,3.0587482629022587
2rkf,5.976361284395657
2rkg,3.061954642052289
2sim,4.87066864396428
2tmn,2.630209988804794
2tpi,4.390251414023925
2uwd,6.561980835477469
2uwl,5.322691162210503
2uwo,5.883718330799658
2uwp,5.116558544504121
2uxi,0.8963400913070692
2uxz,8.201065909013838
2uy0,8.487293304321026
2uy3,4.908182720442122
2uy4,3.7542412084160803
2uy5,4.903436803659191
2uyn,2.3361422130672627
2uyq,4.201487382852098
2uz9,4.080625285006698
2v25,4.764759506476597
2v2q,4.929282989517125
2v2v,4.941700714004579
2v3d,5.268423684726564
2v3u,4.05104147109724
2v54,5.102240354887821
2v57,6.307245063663444
2v58,6.476369672805389
2v59,5.885759389778669
2v77,5.59176191096622
2v88,4.3089283637818765
2vb8,5.706398009506555
2vba,0.9117050406088015
2ves,7.110375891444464
2vfk,2.6209328931095817
2vh0,6.612230896153337
2vh6,7.432540054114461
2vhj,2.9129503418655402
2vj8,6.907059697308675
2vjx,5.833040543062219
2vk2,6.0421270305658465
2vk6,5.284636393960635
2vmc,2.6953005697318404
2vmd,3.04308079200751
2vmf,5.280362270968431
2vnp,2.948462879526233
2vnt,6.6101877387586505
2vo4,2.658273150822418
2vpe,4.298573731638013
2vpn,5.50994153620941
2vpo,5.329103570774618
2vqt,5.005194575471606
2vrj,4.047206616452816
2vsl,3.527082815391126
2vt3,2.7937176637910826
2vuk,5.083015020217629
2vvc,7.289693204987422
2vvs,5.577161484441754
2vvu,7.263855412792186
2vvv,7.569944312454764
2vw1,5.823117135339382
2vw2,4.550551485784373
2vwc,7.115626127461072
2vwl,6.967403836848872
2vwm,7.066437165644409
2vwn,7.13942845645243
2vwo,7.361872408929564
2vxn,1.7650678302305003
2vyt,1.9962509845183858
2vzr,3.9038225729132074
2w26,6.091904947715041
2w47,4.3388884935688905
2w5g,3.853174512731152
2w67,5.177125815577664
2w8y,8.496950912725143
2w9h,5.631857388459155
2wc3,5.60063156428471
2wc4,4.977132112925872
2we3,4.9961458573489255
2web,7.311748952666035
2wec,5.102586243738101
2wed,7.478547118297291
2weh,3.3664508442182233
2wej,3.3547161540326904
2weo,3.5570845637556765
2weq,5.884260421515467
2wf5,5.0996092913684405
2wgj,7.372437232376785
2whp,3.6794274435951024
2wk6,2.642450746903731
2wky,6.550676670241073
2wkz,8.52893986073307
2wl0,8.543304215494201
2wly,4.851000893322799
2wlz,5.474041141384953
2wm0,6.467268144554911
2wnj,5.67178429322627
2wor,5.143511644630144
2wos,5.243528081168999
2wq5,2.8511033869667393
2wr8,8.24055949094425
2wuf,5.175052231155704
2wvz,5.241866485691054
2wyf,3.92730524325021
2wyg,6.50447934970379
2wyj,6.3349679326059185
2wzf,6.58260406472256
2wzm,6.373084254382228
2wzs,4.622552674130162
2x09,4.160076198731501
2x2r,6.635984262112298
2x4z,6.531876264744887
2x6x,4.840577013461688
2x7t,5.004427954278666
2x7u,3.4637792102785507
2x91,5.293861728735885
2x95,5.339440716121198
2xab,7.246454650550627
2xb7,6.447429722771936
2xbp,7.548678268541507
2xbw,8.292029430598664
2xbx,8.198788428535545
2xc0,6.470124088287366
2xc4,7.740552501478302
2xd9,8.22840406841606
2xda,8.541029532903472
2xde,5.6862336338222015
2xdk,3.9266012247915483
2xdx,4.681241863175383
2xef,5.291148477269269
2xeg,5.306446976741321
2xei,5.761235906317904
2xej,4.744257985340605
2xg9,4.658973126305849
2xht,3.9598243909517934
2xib,3.993351477648838
2xj1,6.5949756240651825
2xj2,6.570124786708665
2xjg,6.904390512571216
2xjj,8.252520460286641
2xjx,6.7611582544320346
2xm1,5.779217230229298
2xm2,3.889109181678285
2xmy,4.871997640557879
2xn3,5.9440932471030745
2xn5,6.0417094458467
2xog,5.905401259960169
2xp7,5.087773527494605
2xpk,6.7407756435175745
2xxr,4.354677322836792
2xxt,5.932226706466019
2xxx,4.253471434346666
2xye,6.498074285594535
2xyf,6.545368378057482
2xyt,4.699443870468503
2y5f,6.829769452256309
2y5g,6.651178890008482
2y7i,6.107468197297976
2y7x,7.873778114739573
2y7z,7.64481998053813
2y80,7.812190314176524
2y81,7.680716178531236
2y82,7.788028456633004
2ya6,4.546968790756787
2ya7,5.129348038301837
2ya8,5.073648392120322
2yay,7.102843978118215
2yaz,7.096890073378892
2yb0,6.477809885429716
2ydt,5.25347701961587
2ydw,6.119434762415498
2yek,6.300841398497972
2yel,6.854776971316492
2yfa,3.118803170815376
2yfx,5.834461520209532
2ygf,6.16249215363243
2yhw,5.9231566544506515
2yi0,6.960215364221286
2yi7,6.340906448963632
2yix,7.366179756836608
2yk1,5.167111476508951
2ylc,4.147577685240594
2yme,5.134953606039259
2ypo,5.04179758981094
2yxj,7.622327062927413
2yz3,4.0477144330459485
2z1w,4.521631470699823
2z4o,6.858554119529879
2z94,0.24224873403383532
2za0,5.559288228937575
2za5,9.064550668941536
2zc9,6.458600988348972
2zdk,4.855824101749726
2zdl,4.409497383114911
2zdm,4.501099872272502
2zdn,4.19604758995293
2zfp,4.9458982448246775
2zfs,4.985211712743062
2zft,4.803610623474788
2zgx,4.591535642315291
2zkj,6.2149378565753
2zmm,5.519950629238938
2zn7,4.779876842728785
2zq0,8.077560157155014
2zq2,5.1743135888384195
2zx7,5.183818362634272
2zx8,6.012146266358037
2zym,8.555918491583128
2zz1,4.872983546188762
2zz2,5.992013366908796
3a1c,5.4540187584945485
3a1d,4.756104241292811
3a1e,5.183174848494214
3a2o,7.433506724268331
3a5y,7.0869757587906435
3a6t,5.384005818999974
3a9i,3.1862434526934997
3aaq,4.762041708442688
3aas,-0.6548424807920801
3aau,1.4958533400011071
3acl,7.141000869264224
3acx,6.640729479423338
3agl,5.523545215288678
3ai8,-0.40026015562422457
3aid,5.926359536241225
3alt,2.80097013809673
3ao2,5.266799510994808
3ao5,5.146820496412261
3ap4,4.154314998498249
3aqt,3.770392713859656
3arw,7.333024789185772
3arx,3.2951596198421735
3axz,6.554397161231258
3b24,3.1189059931834064
3b25,6.387554229398955
3b26,7.254136250861629
3b2q,3.837443739630234
3b3c,2.454546716422341
3b3x,2.014516119149702
3b4f,5.087104132894566
3b4p,6.629295212415147
3b50,5.694857073034931
3b66,6.801414260724038
3b67,7.726676378097345
3b7i,1.7377046647081622
3b7j,2.3891639311126758
3b7u,5.405678955554007
3b92,4.811341886290077
3be9,9.356611659822732
3bex,4.524343323222656
3bft,4.101559079771556
3bgb,5.495602012700423
3bgc,6.611566397856537
3bgq,6.491259330956938
3bgs,6.416375968682767
3bkl,7.12675192736517
3bl0,2.508949716585233
3bl1,5.196637234251425
3bqc,6.882248030378074
3bra,2.5273342860420005
3brn,4.965447784716518
3bu1,2.6238196136052565
3buf,3.0927985545740464
3bug,3.3214562655981483
3buh,3.91227149388904
3bva,6.300056591035857
3bvb,7.171400617134963
3bwj,6.502045886993722
3bxe,1.6669406672702307
3bxf,3.758016258213793
3bxg,5.135276762053071
3bxh,3.9960745217219333
3bzf,4.258028493718928
3c2f,2.477121122508402
3c2o,4.454315694818362
3c2u,2.8122587400835433
3c4h,5.282230560390274
3c52,2.5930657580895127
3c56,3.186482322344402
3c79,3.370635434808332
3c84,4.601403442022763
3c88,3.0933794659798273
3c89,4.080068155645224
3c8a,3.764590244784814
3c8b,4.750852256596476
3cct,6.244781524292403
3ccw,5.455960842200931
3ccz,5.498365975879163
3cd0,5.612711443848633
3cd5,6.7228579715482955
3cd7,6.302785930355975
3cda,6.646500122527122
3cdb,5.666407103061379
3cf8,4.583873277481301
3cfn,5.44471543260341
3cj5,5.038276448309794
3ckb,4.108707682501335
3cke,4.117770390061843
3ckp,6.374150949016564
3ckz,6.112025956142129
3cl0,4.941609782658701
3cm2,4.59373163431824
3cow,8.464874530730796
3cs7,7.274901472900667
3ctt,3.499442833867779
3cyw,5.962858679004692
3cyz,2.737662336152807
3cz1,3.6613579862253958
3czv,2.3244654041807404
3d0b,7.463855410691001
3d0e,8.494134838890496
3d1x,8.366575647421193
3d1y,8.823818324392695
3d1z,6.3438624171765525
3d2e,7.47153141522687
3d4y,4.2670090133322
3d50,4.19424784877644
3d51,4.5611750648704685
3d52,3.7123103166801967
3d6o,3.502376418980176
3d6p,3.234811633206573
3d78,3.7468019751154378
3d7k,8.098051885684526
3d7z,7.865574008925719
3d83,8.196973298977445
3d8w,3.9833644179838874
3d8z,3.134638165228107
3d91,7.247661939035128
3d9z,3.902818481013149
3da9,6.162404719646009
3daz,3.9573709932928205
3dbu,3.903798441132955
3dc3,3.330198265296464
3dcc,4.771781155058094
3dd8,4.346682359118457
3ddf,5.795062366984454
3ddg,6.007602496951712
3dgo,3.852952780141588
3djk,7.315272192582854
3djo,2.495453756177236
3djp,2.544309419637661
3djq,3.1564431522336633
3djv,4.2048738760141555
3dk1,4.255562155829965
3dln,4.697692392852518
3dnd,3.062222539786683
3dne,6.332804466045918
3dp4,5.200968713938721
3dp9,6.443613404132632
3drf,6.035908725451586
3drg,7.7547601745357655
3dri,1.6183721370212114
3dsz,6.2856831431401385
3dx3,4.002172517670878
3dx4,4.492591146449957
3dzt,5.583061879581387
3e3c,3.689565239452642
3e5u,4.095479270091786
3e6y,3.4984646224277007
3eax,2.716797614237222
3eb1,3.1898698647142965
3ebh,5.927769671574223
3ebl,9.370342293050284
3ebo,6.4412086197701095
3ed0,2.9659972408990427
3eeb,1.7226259742779724
3eft,3.2368908134036642
3ehx,5.574967241118532
3ejp,6.8056817387332735
3ejq,6.967200290528485
3eko,4.5248570853268655
3ekp,5.880557417322566
3ekr,6.176685137780175
3ekt,5.9098163265384835
3ekv,7.0773041609487
3ekw,7.559696349774334
3ekx,7.505977607989173
3el1,7.2036532660459365
3el4,8.132423234954453
3el5,7.530725622977659
3el9,7.758603073106941
3elc,4.452699565013357
3eqr,7.474904968158938
3ery,4.842716348241438
3ewc,5.416746699291121
3ewj,7.728567050619712
3exe,6.2374517583427584
3f15,4.19396910922773
3f16,4.371353082462948
3f18,3.616729231404506
3f19,3.1044706420253023
3f1a,3.3142611479875925
3f48,3.990538901173648
3f5j,6.158156826849732
3f5k,6.149249052313162
3f5l,3.9576056661123746
3f68,6.036585114770539
3f6g,4.0038585946650205
3f70,1.8652493421357175
3f78,3.917813059948402
3f7g,5.140902614475342
3f7h,5.682890507917409
3f7i,5.982556506937502
3f8c,6.864756336790638
3f8e,-2.670768516689814
3f8f,6.937139087053168
3fas,4.906584776906292
3fat,5.51494520838431
3fee,4.188099141115371
3ff3,1.6928394883879903
3ffg,10.097185218999266
3ffp,4.115260335179669
3fh7,6.487953626798333
3fhb,4.661735340804861
3fl5,8.523030722194793
3fqe,7.023609201207847
3fql,8.299781677570694
3fuz,4.23614341718181
3fv3,5.520679129213798
3fvh,3.7299090294670125
3fvk,8.14646303475799
3fvl,3.7765277818188436
3fvn,7.771767134102484
3fwv,3.6483012941651776
3fx6,1.8962487122853315
3fzn,9.000347542976662
3fzy,1.991853404737356
3g0e,7.500119530898966
3g0i,3.2400989412334233
3g19,2.7680171429545255
3g1d,5.953536117636541
3g1v,6.180444799196278
3g2y,3.3742412124083327
3g30,-4.684522386345898
3g32,0.4483467497400914
3g34,2.769146265455166
3g35,5.8133206817648295
3g3r,3.1950207757223295
3g5k,5.473834447441055
3ga5,6.523152451315747
3gba,8.90772347512173
3gbe,3.0318742030999593
3gc4,6.496159831027861
3gcp,7.557938576911326
3gcu,8.647026104377575
3gdt,2.4739149182263445
3ggu,1.5713978780805924
3gi4,7.461058222597419
3gi5,7.449421808212624
3gi6,7.2394480406147945
3gjw,4.727060419683489
3gk1,2.9036190370987476
3gkz,5.266682349453004
3gm0,5.5908672864171605
3gqz,2.917791911429616
3gs6,3.166257792077391
3gsm,2.421925620692591
3gst,6.652869513569918
3gt9,6.06867338778704
3gta,6.154501386745443
3gtc,1.9060972765157915
3gvb,6.34088546480689
3gvu,9.878822685008263
3gx0,4.141881885629185
3gy2,1.4936585720739675
3gy3,4.032712509655836
3gy7,1.5557144942003147
3h1x,2.1522760589467667
3h30,4.8082117495762065
3h5b,5.504594423335848
3h78,4.907905030101248
3h89,4.843123091146268
3h8b,4.459979668458713
3hb4,9.155523283660948
3hcm,1.0178068826025561
3hek,6.955293180521729
3hf8,8.933768310996811
3hfb,-2.96877519351561
3hig,6.4726890517130125
3hk1,4.530085287978895
3hkn,0.4312659521718405
3hkq,2.0328919452078273
3hkt,2.9645220546801476
3hku,5.794743757537936
3hkw,8.886030053882847
3hky,7.884396797522428
3hl5,3.949730661823409
3hl7,6.388601338820333
3hl8,4.346043741281639
3hll,7.261467415755056
3hmo,8.009257426434832
3hmp,4.260379418745815
3hp9,5.457966927585375
3hs4,3.1173779968367135
3hu3,6.735432377739416
3hub,7.596050002384396
3hvi,9.074208976817543
3hvj,8.341442922892455
3hww,0.5398657831576429
3hzk,2.24735090144108
3hzm,4.077753253420742
3hzv,3.864154472745899
3i25,8.89219380018958
3i4b,7.9535318997933375
3i4y,2.5383644331649533
3i51,3.601768576855984
3i5z,7.070992826072888
3i60,6.8849836649452145
3i6o,8.896243042968708
3i73,-3.7808749996236948
3i7e,6.284328266086559
3i9g,4.148187974465812
3iae,8.260979873340844
3ibi,2.6087320049084517
3ibl,2.617352646233615
3ibn,2.360843888042946
3ibu,2.8529795454473605
3ies,9.453253494221682
3ifl,5.361976301517288
3igp,3.2722711508768882
3ijh,4.336066474223167
3ikd,4.225690509237208
3ikg,4.811965115745286
3ime,3.325255447176113
3iob,6.357123704764995
3ioc,6.963349697766505
3iod,3.5930101395682215
3ioe,6.3519224317807845
3iof,2.9867778513196903
3iog,2.35434526956822
3ip5,2.7877495947459585
3ip6,3.8707260111653
3ip8,3.552348089843279
3ip9,1.9077912225687115
3iph,7.197765811136292
3ipq,10.545987368657633
3ipu,5.832024909875952
3isj,5.481618870120087
3iub,5.654413958011986
3iue,7.059921584976318
3ivc,6.202333373092852
3ivx,6.139697064164642
3iw5,6.864627633962626
3iw6,5.476785169614789
3iww,6.352299447130232
3jdw,2.034661783960961
3jrs,4.184160414895079
3jrx,9.842824364119016
3juk,6.713078655035082
3juo,6.106779217484979
3jup,5.8556006099745055
3jy0,5.27613816021646
3jyr,7.715988447597245
3jzh,3.204328298444816
3jzj,9.090636074186317
3k00,5.946109125093997
3k02,8.538294597808223
3k2f,3.3408428285392997
3k37,6.083106290793525
3k4q,4.409085743906842
3k8c,3.717476266333894
3k8o,5.343952309820521
3k8q,4.7999677738645445
3k97,6.293989371850133
3k99,6.881063824465988
3kdb,8.332632374948787
3kdc,8.489910728138526
3kdd,8.044656299913179
3kdm,9.349366529971944
3kek,8.803614778282425
3kgq,3.9398257901056946
3kgt,4.065889510671251
3kgu,3.266783094417216
3kiv,1.4705279109662963
3kjd,6.482382333183589
3kku,4.045644695719391
3kmc,3.8625460371316986
3kmx,3.7296729577036754
3kmy,4.515059582544476
3kqr,1.8424365910026732
3kr4,4.794697253163087
3kyq,2.533067507399597
3l0v,4.870363324483698
3l3l,6.326856157081725
3l3m,7.488163457859816
3l4v,3.494817925722054
3l4x,3.9960384989195274
3l4y,4.280254562803087
3l4z,3.520989016273529
3l59,3.321958836152096
3ldp,4.738007154783396
3ldq,4.800646261599171
3le9,5.114197127398863
3lea,5.268770972520628
3lgs,-21.118344827619833
3lir,4.28837613093376
3liw,5.299291729028574
3ljg,5.567586763456764
3ljo,4.095156114077974
3ljz,7.586702959500047
3lk8,4.067065322920641
3lmk,3.4887279736998598
3lp4,2.1697901356347264
3lp7,3.553518656053483
3lpi,8.638679306297883
3lpk,9.869104222549597
3lpl,3.9034532517545655
3lpp,3.6241076106506003
3lvw,4.136256033206913
3lxe,4.95312518840629
3lxk,6.79671590802972
3lzs,6.447103069398667
3lzu,5.879401889758027
3m1k,2.6579984332370836
3m35,6.233999165086967
3m36,8.598871661488246
3m37,8.521863303608102
3m3c,3.5446350132971656
3m3x,2.2871644917617933
3m3z,3.939507530395122
3m40,3.8666921567677814
3m5e,3.5431294000509963
3m67,5.190429071479589
3m6r,5.040794547118718
3m8u,6.59127192040039
3m96,5.470522797771373
3mam,1.464652696814752
3mdz,3.582184413105521
3mf5,7.078078476332446
3mfw,1.776256407736848
3mhc,5.070137392961601
3mhi,3.997809561748471
3mhl,3.4240908254263926
3mhm,1.532808013833827
3mho,4.393227666921695
3mhw,0.7956914196124047
3mi2,5.558433124550378
3mi3,2.482702558465572
3miy,5.931499255698996
3mjl,0.9160766524958643
3ml2,4.476324228144306
3ml5,3.470218198774538
3mmf,4.039798509651338
3mna,3.296435806307974
3mof,1.6751108486973532
3ms9,4.006467624819822
3mxd,6.961144962364912
3mxe,8.038327478240081
3myq,5.41272438617981
3mz6,2.171712808996124
3mzc,3.522271148250406
3n0n,4.142530995544375
3n1c,3.123621482939063
3n2p,4.700403545903459
3n2u,3.6867659529433876
3n2v,5.631929434063966
3n35,3.4284446882142117
3n3g,4.17885352165527
3n3j,4.469486890406185
3n4b,4.2936602913370985
3n7o,7.70730870089726
3n8k,5.970072332620369
3n9r,1.9699149934685214
3n9s,2.9184462673839904
3nb5,3.4168540892383006
3nee,5.26474201442635
3neo,6.21563243216343
3nes,4.800606391701363
3nex,5.84882202787526
3ng4,3.8265022505695123
3nhi,5.796068557300186
3nht,5.268251964377233
3ni5,2.002067617899028
3nik,3.3977606050196316
3nim,3.4169236866914914
3nkk,3.488767144125777
3npc,9.472062293380564
3nu3,2.8900351181004105
3nu4,7.525501966892925
3nu5,7.063700132133487
3nu6,7.102388621916936
3nu9,6.666280488143114
3nuj,6.579386494022266
3nuo,7.43765389311225
3nw3,4.655221159080552
3nyd,-0.556329559083721
3nyx,6.431436997447701
3nzk,6.366976465826803
3o4k,4.316664522900405
3o56,-5.140873236655905
3o5x,3.30166750631946
3o75,4.158678304156601
3o7u,4.834742368679844
3o84,7.291176085397123
3o8p,6.195146998880938
3o99,7.347885069517882
3o9a,7.200127228241549
3o9d,7.6349371421849925
3o9e,7.721672356186499
3o9p,5.204926675636026
3oaf,5.334327226859354
3ocp,6.399252896782083
3ocz,4.4975280190592315
3ohi,3.1051694144447786
3oil,5.305062372132358
3oim,5.299298723747487
3ok9,-3.1917643843320667
3oku,5.053716241103904
3old,7.439484411051962
3ouj,2.858366703086703
3ove,5.22094703009997
3ovn,2.7663754824254854
3own,9.517120174206807
3oy0,2.754158156634908
3oy8,4.234358364915039
3oyq,2.8825472715033174
3oyw,3.762708665397034
3ozg,5.129433373872583
3ozj,4.573826762705584
3ozp,5.899302564539334
3ozr,5.30769658327525
3p17,5.550634712433518
3p2e,6.715232328988603
3p3g,5.604502791467485
3p3r,4.721215982295165
3p3s,4.475006423100969
3p3t,4.76059100373999
3p4v,3.526622562886606
3p58,2.944802193382759
3p5l,3.778898292058689
3p7i,3.151605954368909
3p8n,5.930965558645883
3p8o,5.209835919105592
3p8p,3.2997485051854922
3p8z,7.083238480475066
3p9l,5.073693857793261
3p9m,5.6462693073088985
3pb7,3.6678637742870084
3pb8,2.409870047776893
3pb9,4.06923298631199
3pbb,3.617028955109957
3pcf,1.8607979030190525
3pcg,1.4173894685490114
3pck,3.5673216846217906
3pcn,2.0045977825980787
3pd8,4.645713237661189
3pd9,5.157297186401168
3pe1,7.779777486202429
3pgl,2.0060367711465954
3pgu,3.6374206591590044
3pju,10.763809210876607
3pn1,5.482165857139138
3pn4,5.364361150930907
3po1,5.549928595559183
3po6,2.64639786678672
3ppm,6.177963772397596
3ppp,2.6328291613020207
3ppq,1.8343527943541347
3ppr,3.824117750891839
3ps1,5.02535720247623
3pwd,5.386029041445755
3pwk,2.7003240019876715
3pwm,6.894195010282638
3q1x,2.467135986391153
3q2j,4.742995438576687
3q44,6.883405656358288
3q6w,8.030643779513406
3q6z,5.461649647093426
3q71,7.383601503234908
3qaa,1.2405481980675095
3qbc,3.437245793287348
3qdd,6.181510794358722
3qfd,5.365197719312983
3qfy,3.812593252009662
3qfz,4.262006740101083
3qgw,5.403144419155635
3qkd,8.134323000611408
3qlm,2.5844907573052613
3qox,7.126495221181037
3qps,6.307187007496461
3qqa,5.245329571025216
3qto,6.423379081259143
3qtv,5.982947511724777
3qw5,4.259429186181392
3qwc,5.7785254525287355
3qx5,6.4305367771235105
3qx9,4.54732342300571
3qxt,7.493038077470758
3qxv,5.73996881319681
3r16,3.840259813464881
3r17,4.392010585830715
3r1v,5.004383188077618
3r24,6.417575562976464
3r4m,5.407472401483473
3r4n,5.3433846883806755
3r4p,6.52492841044793
3r5t,6.063717629436699
3r6u,2.841611553400877
3r7o,8.190311528684058
3rdo,5.378588409201329
3rdq,5.340322750176213
3re4,4.594743070673158
3rf4,5.077176878076327
3rf5,4.811952525251241
3rlb,5.280131794980225
3rlp,5.849521499766628
3rlq,6.552774386443285
3rm4,6.54622103429306
3rm9,5.360554275162137
3roc,6.812337913251531
3rt8,6.1291546238179455
3rtf,6.724786415552797
3ru1,4.704011421919136
3rux,8.993810278679936
3rv8,5.748223630722787
3rwp,7.475939487086272
3ryv,3.4353110540358243
3ryx,3.9245958388789965
3ryy,3.4423386481283975
3ryz,4.311025030776252
3rz0,2.8120092034862973
3rz1,4.340325208833761
3rz5,3.495405482110803
3rz7,4.407434640507268
3rz8,3.5237344434471476
3s0b,6.562502641508429
3s0d,3.43536491337146
3s0e,4.225393233683378
3s2v,5.255327822240429
3s43,7.205781759011368
3s45,6.819422164567304
3s54,5.507868301523396
3s5y,3.4758590898424746
3s6t,5.747004800952078
3s71,4.34518304111931
3s72,3.9511016267304906
3s73,4.007041191770744
3s75,2.925886375024498
3s76,2.378309526302429
3s77,2.9648119857791193
3s78,2.4113513543748373
3s8l,4.843048947125783
3s8n,5.325905235551339
3s9e,4.644193634977192
3sfg,1.9004180893618026
3sha,5.7256076060591905
3shc,5.605776879517613
3si3,3.609296643086831
3si4,3.414268491391859
3sio,7.249211269274507
3sjf,6.294211803911587
3sk2,5.936892883453334
3slz,7.336834812578052
3sm2,6.636550134872414
3spf,3.7820270298287775
3sr4,7.115328851907241
3st5,2.3506426151112643
3str,7.188663583413922
3su0,7.301512881007757
3su1,7.518393933532844
3su4,7.787927033208756
3su6,8.06255578561328
3sue,6.70848592259636
3suf,7.312484097623862
3sug,6.486496626848614
3sur,4.906238188584119
3sus,5.480400040349378
3sut,5.5844213032022605
3suu,5.5626673776447735
3suv,4.049777525389538
3suw,5.735933559855508
3sv2,5.227182822011515
3sw8,4.342202941126137
3sww,5.1034228121201775
3sxf,7.711810501990104
3t1a,9.520283186099572
3t1m,-0.6680730790512897
3t2w,4.802713900510055
3t3c,7.581396066260239
3t3u,7.714213187936952
3t5u,4.278779026848247
3t64,6.729856887293323
3t6b,5.594163197969286
3t70,7.196791446791617
3t82,4.223317550845743
3t83,4.162074240189193
3t84,4.098183078687869
3t85,4.314568205641976
3t8v,5.623428752168173
3ta0,7.082323571241156
3ta1,8.011604854102263
3tao,2.2810560037344776
3tay,3.1667886912429397
3tb6,3.9661504147373248
3tcg,4.5781652371117945
3td4,3.8691651396397124
3tf6,3.1627401479357022
3tfn,6.110685068526378
3tfp,3.0904301427498746
3tfu,3.587270622963602
3th9,7.325468394343323
3tif,6.4449521933327105
3tk2,4.479730656255268
3tkw,6.327178613623646
3tmk,7.900754647173957
3ts4,5.791129936011184
3tt4,5.923609912236258
3ttm,3.181568532307543
3ttp,6.235453367149121
3tu7,7.230170245447691
3tvc,7.139918786248279
3tz0,3.7879487588610976
3tza,5.931727283535582
3tzm,7.15287230620452
3u10,8.440570680393327
3u5l,7.336883076138556
3u6h,8.195407880884565
3u6i,8.944643699963798
3u81,6.8421193279703
3u8j,4.295377844566352
3u8l,4.665857328660692
3u90,1.5864262065346038
3u92,5.782917436534634
3u93,4.5737347821518695
3ubd,6.990323432313323
3ucj,1.8928714871258348
3udd,8.104547181667769
3ug2,4.007470317776098
3uil,1.7684959419700945
3uj9,3.6886031158660653
3ujc,3.4761203425939002
3ujd,3.508051234434843
3umq,1.13176458084225
3uod,6.870110794119059
3upk,6.192386882797601
3upv,3.8692448794353287
3usx,1.9398135703594508
3uu1,4.782056047406342
3uug,5.967007946264286
3uw4,5.689132595075976
3uw5,5.643363001600265
3uxd,4.4236560931399795
3uxk,3.6814954322419307
3uxl,0.4671756587158502
3uyr,3.7101328606823682
3uz5,3.7830447614307174
3uzj,3.9554523418947984
3v2n,4.224769654492222
3v2p,4.875054682459103
3v2q,4.2562899563329335
3v3q,-1.8078289951014381
3v4t,6.382568393757285
3v51,9.267274410385337
3v5p,6.527945932187292
3v5t,6.401317038333509
3v78,9.347295393701604
3v7x,3.145011683113038
3vbd,1.3424230439877418
3veh,4.732255397420678
3vf5,7.421616401586969
3vf7,7.59975440552108
3vfa,-0.5697420637516794
3vfb,7.493827781236113
3vha,8.665834204064566
3vhc,9.223231463273466
3vhd,8.445115848743436
3vhk,6.641929773188925
3vjc,8.273410887794235
3vje,8.103839316113705
3vtr,4.124412575142272
3vvy,7.952516266607072
3vw1,5.867069151105374
3vw2,6.96997999182478
3vx3,7.070615111251549
3w37,6.623786171798733
3w5n,4.492074936194127
3w9k,4.500597651454499
3w9r,4.822881423817918
3wgg,7.07977889250036
3wha,6.652812156874826
3wmc,4.032684181044235
3wtl,4.6620612947062385
3wtm,4.362285128863254
3wtn,4.672928989482421
3wto,4.574888211300736
3wvm,4.293323145885459
3wz6,5.719150781029974
3wz7,6.6420941490833965
3wzn,5.142931782432201
3x00,3.963392047333715
3zbx,8.928632788370388
3zc5,9.110147842596025
3zcl,7.806972253866919
3zdh,4.053318601839588
3zdv,5.4457534488902
3zhx,3.9698925893561423
3zi0,3.8866341003906797
3zi8,3.7760846663756618
3zj6,6.645034029442815
3zk6,4.630571769628748
3zln,9.896096143365591
3zlr,9.081497473925596
3zm9,6.504895535479154
3znr,7.152242082030398
3zns,7.017740632039269
3zps,5.967877389825256
3zpu,8.249467964952713
3zq9,4.934082765635692
3zqe,4.25438844199625
3zsq,6.4004657810417145
3zsy,5.535880751828896
3zt3,7.729438592596356
3zv7,4.72873845275088
3zxz,8.00848381052298
3zyf,3.6691270205228186
3zyu,6.33464127923265
3zze,7.6661202985740635
456c,4.978075350771381
4a4q,8.316393435518789
4a4v,5.1254932487085085
4a4w,6.547291925758743
4a6b,7.484898323070911
4a6c,8.159449429893124
4a6l,8.314940632400418
4a6s,3.372865001462067
4a7i,5.724881204500005
4a95,5.10424189370497
4ab9,2.7995024712006673
4aba,0.45986665833798135
4abb,3.7801237668123657
4abe,-0.4997896285757073
4abf,4.066265127076916
4abh,-3.8037806056503185
4acc,5.4823305827695545
4aci,5.716210201198663
4ad2,4.639282992563843
4ad3,4.793642099814959
4ad6,2.583570427164194
4afg,6.01787983745158
4ag8,8.671315965277216
4agc,8.390931258678624
4agl,3.266002833522395
4agm,4.071241869583998
4ago,5.382769502431981
4ahr,3.4730989737591367
4ahs,4.324400682018934
4ahu,3.1759185481050185
4ai5,3.0960476015094502
4aia,4.14538204297359
4aj4,2.655506564624085
4aje,3.527144019181621
4aji,3.306088868144796
4ajl,4.2359279798392695
4alx,7.106764518069333
4aoi,9.482541781257037
4ap7,8.390296837673153
4app,6.879913193204688
4aq4,4.105301953862265
4aq6,3.3004252442403907
4aqh,6.288165568882603
4ara,5.305786325539925
4arb,5.875470857728539
4arw,4.88068578092056
4asd,7.988408267768831
4ase,8.289602962607509
4asj,6.602120029963614
4att,5.117264311642511
4auj,4.9807462841885695
4av4,4.159296287572625
4av5,5.82568279823692
4avh,3.8807840672272245
4avi,3.23020770921759
4avj,2.3382227922081364
4avs,2.7799177828462858
4ax9,6.994811943440231
4axd,4.337466816949685
4ayp,6.870824255448254
4ayq,5.393429454056427
4ayu,3.4934144353720247
4az5,4.8714870260771805
4az6,6.441539469974726
4azb,5.417903276063497
4azc,4.888470553335538
4azg,5.157884393053972
4azi,5.855034737214389
4b0b,5.294098499971113
4b1j,7.403439225545991
4b2i,3.588133071805659
4b2l,3.618274714548483
4b32,4.0647224418205035
4b33,4.105629656443371
4b34,1.6950419505059346
4b35,3.759294193359322
4b3b,4.317634690413732
4b3c,2.8165358358312846
4b3d,3.5020228359390897
4b5d,4.387998764797774
4b5s,2.7575259389238718
4b5t,1.6338458542020513
4b5w,3.184529047087757
4b6o,7.849526724793958
4b6p,9.796067466068639
4b6r,7.126342036836827
4b6s,9.520555980137207
4b73,5.896885889154658
4b74,6.455777919795412
4b76,5.001176808927588
4b7j,5.160332194937813
4b7p,5.964722072123296
4b7r,4.951432816165125
4b8y,5.045869915162484
4b9k,6.510731229468837
4b9z,5.8149871735460135
4bah,6.278247756934898
4bak,5.863139168283723
4bam,6.144759841714363
4ban,6.36397293352527
4bao,6.15457133393458
4baq,5.903142665222942
4bb9,4.148730065181622
4bc5,3.4746745341944423
4bck,4.741466742758101
4bcm,3.8577480096928607
4bcn,5.235090002007483
4bco,6.43275060565969
4bcp,5.530046107047051
4bcs,6.3683012655890545
4bf1,4.966679204981271
4bf6,4.577675956523782
4bj8,5.515492894875251
4bks,5.097318870660156
4bny,6.95020032568068
4bps,5.398400600788379
4bqg,5.991127136022433
4bqh,7.744175765875586
4bqs,4.846527071105609
4br3,6.949235753942484
4bs0,4.330963477039693
4bt3,2.6024065057268397
4bt4,2.58397629572916
4bt5,2.6147250800736916
4btk,5.423508494064973
4bup,7.466226620402737
4buq,3.1596593239901725
4c1t,8.31350461660744
4c1u,7.437306955054131
4c1y,3.4994124068405044
4c2v,5.0602349693955055
4c52,6.654381072327164
4c5d,7.412244877186422
4c6u,3.8850393044783607
4c9x,5.7185100647774805
4cc5,3.2482568819024467
4cd0,6.517373414549265
4cd4,4.676439289169251
4cd5,5.462926882767064
4ceb,6.635631728279049
4cfl,6.334240481838896
4cg8,7.5488720222554155
4cg9,7.0780309122438325
4cga,7.169279118888444
4cgi,5.703717633218833
4cj4,5.583632298908797
4cjp,5.194667521405334
4cjq,5.719865291567006
4cjr,5.693862424005405
4ck3,4.949786958804737
4cl6,6.188498518553487
4clj,8.854043903762484
4cmo,5.587806047684589
4cp5,3.5191452083678834
4cp7,4.292647106302453
4cpr,4.0518287267109745
4cps,6.570165356078364
4cpt,7.889729571222218
4cpw,7.455543586205875
4cpy,4.959017539619173
4cpz,6.23234911089523
4cr5,5.268290785067204
4crb,6.74232777164452
4crf,7.966248998250297
4crl,8.377847636950587
4cs9,2.458150745342614
4csd,5.02151954994424
4css,5.292651992099764
4cst,5.416196914384505
4cu7,4.324739226414356
4cu8,4.232807635731876
4cwf,5.6459909174961345
4cwn,7.461838833228186
4cwo,6.571399923966628
4cwp,7.717012474446206
4cwq,8.05652074213456
4cwr,8.438621252232084
4cws,7.316541734065687
4cwt,7.799275964646199
4czs,5.3251543524759555
4d1j,3.331062462818249
4d3h,8.197572046916456
4d4d,5.635065866024859
4d7b,-1.6773655963391774
4d8z,4.581987151526228
4da5,5.321222620974576
4daf,4.964057584332425
4db7,4.968957384931456
4dbm,4.711644408933687
4ddm,2.5874276649091423
4de0,6.1411435720359915
4de5,4.4321427855979465
4del,3.7953998831838938
4der,1.524192793415822
4det,2.9249891274558455
4deu,3.4239414881775856
4dff,5.162803778865961
4dfg,-1.6539841745584507
4dhl,2.5095731209084144
4djo,6.188669189694981
4djp,6.616720806224027
4djq,6.417127201494097
4dju,5.205218355414726
4djw,5.459793598429681
4djx,6.103648381299217
4djy,6.133827795524175
4dko,5.534916879562591
4dkp,5.158347443446057
4dkq,6.962661417425398
4dkr,5.944780128500398
4dmw,4.894568899020429
4do4,4.3771314197575375
4do5,3.417594829971259
4dq2,8.473396896255222
4dst,2.5412056879876896
4dsu,3.2830395206444964
4dsy,1.867075838112052
4duh,6.250026164533879
4dv8,6.626186759329908
4dy6,6.121195333166071
4dzy,5.665619847447645
4e0x,5.5606665382995155
4e1k,7.04254110741961
4e3g,3.4776200103289927
4e4l,7.446923994088548
4e4n,6.701738117260334
4e67,4.936868412443064
4e70,4.896003865605571
4e7r,7.248661484367894
4e9u,1.4929246511919498
4eb8,6.198251954606721
4ef6,4.457026847869304
4efk,1.4420404318125708
4efs,7.585473287915022
4egk,7.650459822398227
4ehz,5.797564028203931
4ei4,6.787049206491016
4ej8,2.237784399250814
4ejl,3.167763055587615
4ek9,5.065540113955586
4elf,8.4491217242653
4elg,8.526069228090895
4elh,7.8627250599121785
4en4,3.039539016085569
4eo6,6.237281087201265
4eoh,1.5877116610029651
4epy,4.159209553058095
4er1,7.19704885244764
4erf,4.722101863445582
4etz,6.1697673607745465
4eu0,6.575202253168104
4euo,3.7843097563462567
4ew2,4.767382176333281
4ew3,4.461854602863525
4exs,2.008542104593502
4ezr,4.867976726390351
4ezx,4.847310829359888
4ezz,5.07178080217037
4f0c,4.419822987175284
4f1l,5.601452744285177
4f39,6.047301723618187
4f3k,6.505807646825498
4f5y,9.302883125431093
4f6u,7.651311779161914
4f6w,8.537633596870881
4f7v,7.535341437988796
4f9u,3.4402133027864763
4f9y,7.29199306856624
4fai,3.505623367499905
4fcq,2.618649816856157
4fev,6.301711541530833
4few,5.8496550988978795
4ffs,6.476578115429017
4fht,4.378602059409139
4fk6,7.192116176669714
4fl1,4.491338042556572
4fl2,4.104070883333458
4flp,5.876150044935057
4fm7,7.623480492076278
4fm8,7.6095533072472525
4fnn,2.3575213965589485
4fp1,2.8284247595688647
4fs4,6.287708114265648
4fsl,6.68977504950227
4fxq,6.591188683245317
4fys,6.520244746663331
4fz3,3.4490042655171878
4fzj,1.4433127711829687
4g0p,2.0509001987870388
4g0y,2.593810345917874
4g4p,4.877274106770413
4g5f,4.865041392598226
4g8n,5.115692248566662
4g8v,0.1422030398972747
4g8y,2.2377831751750046
4g90,2.164244722479962
4g95,7.019971247900843
4gah,4.059215499619764
4gbd,6.063517580475768
4ge1,4.262648155825468
4gfo,5.049252211493194
4gg7,7.139692157355475
4ggz,6.105852417228917
4ghi,7.376429817932712
4gih,5.51966769285888
4gii,5.896046522885016
4gj2,6.01608499257833
4gj3,6.343625296205379
4gkh,7.237286672470469
4gki,5.082088569697512
4gny,3.78155523603805
4gqp,4.909267251609688
4gqr,4.257341612321604
4gr8,5.869434415306034
4gu6,6.658629664595332
4gu9,4.689639023231254
4gue,6.522613857959394
4gzp,3.614041160925979
4gzt,3.2538327220844856
4gzw,0.37589444574136377
4gzx,5.063066081875817
4h3f,7.4151336960977705
4h3g,7.165704817523554
4h3j,7.816018523837981
4h42,3.148077118676958
4h75,3.414218828887572
4h7q,3.6050200719430077
4h81,5.094803220002851
4h85,3.8011925596522573
4ha5,5.245173239057496
4hbm,6.461001575880147
4hdb,-3.8506322821419756
4hdf,1.1748119171507434
4hdp,8.093499023143615
4heg,1.7498079765804464
4hf4,8.353522802456379
4hfp,6.797434265662155
4hj2,4.156097252877454
4hla,5.909355374562072
4hp0,5.150402142232009
4hpi,4.9269785793710135
4ht0,4.336270720015447
4ht2,5.620860291383069
4hu1,4.395796127706798
4hw3,7.3859349414645115
4hwo,8.596269626052358
4hwp,7.918666723368106
4hws,8.942463446078404
4hy1,6.137379014316649
4hym,3.525285522366256
4hzm,2.935927643761029
4i3z,4.958166282327378
4i54,6.3701331824725465
4i5c,6.70112258199593
4i71,7.0075290418971905
4i72,6.585405449647487
4i74,2.756044282589982
4i7j,3.9516951286303157
4i7k,4.251612937531301
4i7l,4.138387673795856
4i7m,3.947691701260072
4i7p,2.2951585811402637
4i8n,4.810984106417642
4i8w,5.782956606960551
4i8x,4.336112289632052
4i8z,5.839442459547962
4i9h,6.465602002509673
4i9u,3.776289611639833
4ibb,5.277575924689167
4ibc,5.353411268207488
4ibd,5.52868808236996
4ibe,5.1543590547214775
4ibf,4.094836805159566
4ibg,5.649154978596737
4ibi,6.340717591552962
4ibj,6.23245123379137
4ibk,5.927165327860081
4ieh,7.603411244569152
4ih3,0.8872630445727884
4ih6,6.031275423643166
4iic,3.8817010748768075
4iid,3.584229319179935
4iie,1.5446171977757908
4iif,4.629778918239883
4ij1,5.357924960322485
4in9,5.235470864452333
4io2,4.647382527329938
4io3,3.808487002271387
4io4,4.270460207644209
4io5,4.014366061417149
4io6,4.27922528991494
4io7,5.4711750553100735
4ipi,1.8280103329791566
4ipj,2.859214463019041
4ipn,4.278556944522737
4ish,7.790251378303771
4isi,5.926439276036842
4isu,4.886884850557807
4itp,4.16012481202795
4iue,8.722358527606003
4iuo,6.227750083209487
4iva,6.518762565725522
4iwz,4.107380434587465
4j22,7.873084938095227
4j44,3.566392436214109
4j45,3.205460393700995
4j46,4.071693028953931
4j47,3.057587489298534
4j48,3.2675493658742094
4j7d,6.3116783165109345
4j7e,3.1649697145894375
4j93,5.729882778259231
4jal,5.388915062469539
4je7,4.14213264630224
4je8,4.031790605703013
4jfk,-0.9793536776765669
4jfm,5.008606599357698
4jh0,4.360338498589578
4jkw,2.2412688184776632
4jn2,6.542719478004872
4jne,7.334581114144065
4jpx,4.868468455129983
4jpy,4.702909054218339
4jsa,2.9234742462071157
4jss,1.7556298560002737
4jwk,2.7547453632877117
4jx9,3.476009476299118
4jym,4.61011046812651
4jyt,5.150556725520001
4jz1,6.472717730060558
4jzi,4.547160795790967
4k0o,4.206483710572138
4k0y,6.385077399431621
4k3h,9.486908584274847
4k3n,3.2118689551697073
4k4j,8.297419560993545
4k55,0.8614411653630794
4k6i,9.530335996122313
4k7i,2.7145886820042824
4k7n,3.5706913904584554
4k7o,2.93806033355781
4k9y,9.668986713373034
4kao,7.575693271929917
4kb9,-0.8595739251490728
4keq,4.358587720445484
4kfq,5.433200026855821
4kif,1.9567549544363534
4kiu,6.8207826373960145
4km0,6.066718363850667
4km2,4.9650186587111635
4kmz,7.362725764637034
4kn0,7.57361304252499
4kn1,7.519488607042834
4kni,4.630003798452958
4knj,4.523463387583315
4knm,4.217477660024713
4knn,1.8796488453593894
4ko8,7.101810158662775
4kow,6.6595662574578744
4kp5,4.831522349827932
4kp8,3.6536295212976717
4kqp,4.979291032918579
4ks1,4.85670543633285
4ks4,4.837726315768419
4kwf,6.310526985777742
4kwg,3.774087674125807
4kwo,6.773473856023349
4kx8,3.908802113307855
4kxb,6.051387338935666
4kxn,5.64934348627146
4kyh,4.453900208514889
4kyk,5.251617473592668
4kz3,3.898721674145408
4kz4,3.973973658106328
4kz7,4.5556163617497685
4l19,6.306107022896189
4l2l,6.994817539215362
4l4v,6.318433816037764
4l4z,3.079253980869599
4l50,4.015450242848768
4l51,2.9449847555464057
4l6t,3.5719581340537228
4l9i,5.577956783982239
4lar,5.082591839723351
4lbu,8.37834985776859
4lch,8.822564870763365
4leq,7.742166183131686
4lhm,4.674021214840792
4lj5,5.205828644639945
4lj8,5.844995916629478
4ljh,4.970934442232407
4lk7,5.319601245130385
4lkk,4.387417153920102
4lko,4.925932868893418
4lkq,3.139687303075946
4ll3,2.117904709676841
4llj,4.752665637474847
4llk,4.1819165090675705
4llp,1.9581098314899332
4lm0,3.3660633367904054
4lm1,4.533742476762912
4lm2,4.096784484641079
4lm3,4.288746851036185
4lm4,4.150539598964591
4loo,7.375507214507998
4lov,4.414257639071616
4loy,7.516484375269409
4lrr,2.7391006252294323
4luz,6.1423095916789014
4lvt,8.036642450453776
4lxd,7.189279818150218
4lxz,3.548016260420038
4ly1,6.032198726539771
4ly9,8.894492264824613
4lyw,5.071917199189186
4lzr,5.109855505369143
4m0e,9.42292369354008
4m0f,10.003800125726526
4m0r,7.5127415011786995
4m12,7.524158281389606
4m13,7.781712225453952
4m14,4.380814139265589
4m2r,3.3959416283661295
4m2u,4.338241831805321
4m2v,3.9228205792187048
4m2w,4.1242202203721465
4m3p,1.9032658142995342
4m6u,1.6986771059253736
4m7j,4.293339583474906
4m8e,8.596473871844637
4m8h,8.616457084309125
4m8x,1.6360364252978428
4m8y,2.3533088270931857
4mc1,8.226300056966826
4mc2,8.211431382972018
4mc6,5.0456334936632015
4mc9,7.019326334817001
4mdn,7.4735563863523815
4mhy,3.6135305464452805
4mhz,2.8275633599346452
4mjp,5.195229197334101
4mmm,3.002481345016845
4mmp,5.59093373624684
4mn3,5.8326467403873785
4mnp,5.644643384897414
4mo4,4.121140445634453
4mo8,2.645446235278514
4mpn,4.868470203809711
4mq6,5.037040131741802
4mr3,4.819879640196114
4mr6,5.591492964023989
4mre,2.989355754975327
4mrg,4.179904128436105
4mrw,3.4948833263438974
4mrz,3.8468365979234673
4msa,3.4769313802519406
4msc,6.395890535400277
4msn,4.357948403136773
4mss,3.537890355584651
4muf,7.118977996764507
4mul,7.008462836872167
4myd,4.9948298009853165
4n07,5.26902278240152
4n5d,3.9334805308431515
4n6g,4.779191010539299
4n6z,5.703071321191208
4n7m,5.664844832592009
4n7u,1.0020041513308142
4n8q,3.5365571621597036
4n9a,4.0373933755528695
4n9c,3.9340198236713952
4na9,7.573547991639092
4nbk,6.108441162698869
4nbl,7.202581675108361
4nbn,7.528977642721131
4ndu,3.5616349781449705
4ngm,7.236713105519547
4ngn,5.026416202919761
4ngp,6.002280215330294
4nh7,8.802185057736471
4nh8,8.79841630318578
4nj9,5.312348071352846
4nja,6.028038267729915
4nkt,1.2731676325515178
4nku,3.2747329421985576
4nl1,3.190226595378894
4nnr,6.681388381524769
4np2,4.13264151220827
4np3,4.57561391338803
4np9,0.87228105613158
4nra,4.218950747827933
4nuc,4.857829487662277
4nue,4.7485698798149425
4nvp,8.21689845527495
4nwc,4.302857647236695
4nxu,2.4072482522600733
4nyf,6.228404089427915
4o04,8.4061265860467
4o05,9.295104298527189
4o07,10.093642393869489
4o09,9.155346317272434
4o0a,6.301953558805246
4o0b,10.24243755196072
4o0x,9.685201171286833
4o0y,7.141296046402381
4o2b,7.195269395956
4o2c,6.30544252459939
4o2p,6.187672442249782
4o3f,4.31138735721598
4o61,3.173271046996191
4o97,5.130843509205581
4o9v,6.328516703351832
4o9w,3.2696142068975274
4oag,3.537482213736038
4oak,2.3869810542076895
4oc0,6.002720183149965
4oc1,5.386711026539838
4oc2,7.030183537514813
4oc3,7.289526730677278
4oc5,7.1343195137578785
4ocq,4.376386482193231
4oct,1.0680295764406742
4oeu,1.2802331729941974
4og3,5.06984011740777
4og4,6.548316652079597
4oiv,7.470419254919595
4oks,6.18369314665979
4oma,5.7576234837349345
4omc,5.856755088331209
4omj,6.332875112706946
4omk,6.048232720705597
4ou3,5.718744387861089
4ovf,4.502246656438399
4ovg,4.031746888709803
4ovh,4.373691067259845
4owv,3.461230684442352
4ozj,6.093601167051609
4p3h,4.135592933853897
4p58,4.780440966809174
4p5d,7.961531759814911
4p5z,7.944062449327999
4p6c,2.0976546486857957
4p6w,8.666558157472132
4p6x,7.923317511973812
4pb2,4.830569669111888
4pee,5.344810911567175
4pf5,4.175086515784309
4pft,7.362061965812124
4pfu,6.208926595140886
4pg9,6.1776427147994575
4phu,6.524354843497008
4pin,4.0753743495182
4pmm,8.429498040352973
4pnu,4.96362845832707
4poh,8.2011582393035
4poj,8.372635871888006
4pop,5.7100433072684185
4pow,7.0928869957445935
4pox,6.082631349379286
4pp0,7.11349763449564
4pp3,8.927090452849923
4pp5,8.556226958687223
4pqa,3.3252620921590808
4psb,7.246038464775264
4pum,5.952527479169189
4pv5,5.528090733374732
4pvx,6.478824819144091
4pvy,7.694435620208527
4pzv,7.318386940915115
4q08,5.230125849994445
4q09,5.7801908951020815
4q0k,7.872651265522579
4q19,5.168890583264645
4q1w,7.434079591747361
4q1x,7.345118658187521
4q1y,7.569432998502175
4q3t,1.087910666009023
4q3u,3.249487602695308
4q4o,6.811988177305846
4q4p,6.430394784329563
4q4q,6.190068133477716
4q4r,6.290931980212963
4q4s,6.547615081772555
4q6d,4.437359796699713
4q6e,4.30628401029656
4q7p,2.8456420853069115
4q7s,2.434538847573682
4q7v,2.9709169764469783
4q7w,2.8511030372307933
4q81,2.5898585045996185
4q83,3.2556562453052815
4q87,3.0463878951098975
4q8x,3.71635186526852
4q8y,4.88424539337573
4q90,2.0986935393124497
4q93,5.302541125699923
4q99,3.4153796024912975
4q9o,8.025811827687836
4q9y,3.4623946056695885
4qb3,5.67112469123271
4qdk,7.252135761252317
4qem,3.720829534581112
4qer,5.011206186641966
4qev,5.744778032185909
4qew,6.570881615295125
4qf7,3.7645105049891976
4qf8,1.913188172814533
4qf9,4.752744677798572
4qfl,5.674207263857968
4qfn,3.737868669854833
4qfo,4.874768948191479
4qfp,4.489269704173797
4qgd,3.0296747137375535
4qge,6.413882351390042
4qgi,8.526139874751923
4qij,7.436304611833802
4qj0,6.541463925959866
4qjw,4.223870483375869
4qjx,3.804958866051328
4ql1,7.163088792649838
4qlk,6.614907775081601
4qll,6.0958226897785925
4qnb,7.557081723844401
4qp2,4.091460454339932
4qpd,5.895878649631088
4qpl,5.281759116335492
4qsu,2.7877709286386456
4qsv,2.707476276944881
4qtl,2.5120728585801904
4qxo,7.1189947840899
4qy3,4.435042446323611
4qyy,7.490650779905521
4r06,7.0897225849080465
4r0a,6.008306165674428
4r3w,4.345600975574403
4r4c,6.134397165643748
4r4i,4.766683054177859
4r4o,4.779847115173402
4r4t,5.1152466849718605
4r59,3.7791910210452264
4r5a,4.308389770425523
4r5b,4.164988939560522
4r5t,5.943089504938962
4r73,6.774916167063349
4r74,5.572244197045436
4r75,6.59085293673746
4r76,5.248918911035771
4ra1,5.274644437992444
4rak,8.888745403765135
4rdn,3.889082252010467
4re2,4.551253056091415
4re4,4.4417947982269315
4rfc,2.940801913636026
4rfd,3.2274605333642428
4rfr,7.768443943146595
4rhx,5.444212512313516
4riu,3.824311504605748
4riv,3.4105822745243506
4rj8,5.870613025442989
4rlt,6.231142521882621
4rlu,6.415734552958384
4rlw,6.299513101376264
4rn4,4.131417086662431
4rpn,4.103458845428511
4rpo,4.223907905122058
4rqk,4.939742542444694
4rqv,5.397479746043393
4rr6,6.1681753627497935
4rra,6.350302454880376
4rrf,6.406711365559738
4rrg,4.881952524515826
4rsk,2.9206090344721
4rux,3.841833625220459
4ruy,3.829654770383907
4ruz,3.687082813710177
4rvr,5.14579542035546
4rwj,7.5570075798239165
4rww,9.385429901747088
4ryd,5.922559305455423
4s1g,7.11878004621925
4sga,5.127240529493146
4std,6.967908156082549
4tjz,3.3738715415137452
4tkb,3.379629594123485
4tkh,3.854230365551172
4tkj,4.163946026970493
4tmk,4.9751333719962885
4tpw,3.4133563800455153
4tqn,5.4281344514185355
4trc,3.148089009699111
4ts1,3.244159025826868
4tt2,2.8862452045250064
4tte,3.8540257700229463
4tu4,4.886935912005877
4tun,-0.17970756421209977
4ty6,6.824885739510779
4tz2,4.551538790359039
4u0f,6.911765744193798
4u0w,6.400162909712752
4u1b,3.994173706857141
4u43,4.84873600333855
4u54,3.1142419146117652
4u5n,4.085519839566546
4u5o,2.4689502416093885
4u5s,2.6405132097646424
4u69,3.93268732971834
4u6c,4.048357597450062
4u6w,3.8928177816463174
4u6z,3.5658989587947487
4u70,4.244934729648468
4u71,2.461613131204885
4u73,4.10486163630665
4u8w,5.755527865948396
4ua8,6.443423847250072
4uac,7.378932528360027
4ual,6.248517403664199
4uc5,5.632544269856478
4ucc,4.490454609557774
4ufh,4.680315412655266
4ufi,4.430559880707781
4ufj,5.445575783029793
4ufk,3.821880140311353
4ufl,4.329805501323533
4ufm,5.265618102970287
4uin,5.813054182974218
4uj1,6.662482355772987
4uj2,6.127533947445646
4uja,6.79083544783899
4ujb,7.949312685344607
4und,8.077395081788652
4unp,5.6532986500812
4uof,4.598519169678707
4uoh,5.1459087348018615
4up5,3.0871307338382925
4ury,5.0968086059154025
4urz,6.1196313140169725
4us3,7.458712893345663
4uye,5.294847984102714
4uyf,7.094181018743625
4v01,9.857315323292484
4v24,8.582778911683546
4v27,4.238421597131995
4w52,3.7338428593840653
4w97,7.045486583554159
4w9d,5.129674341939159
4w9f,5.708753481100736
4w9j,5.485820248035589
4w9k,5.495900687198037
4w9o,6.474441228800889
4w9p,6.578149827718328
4wa9,7.640684003244471
4whs,2.661070688651944
4wk1,9.54303211042253
4wkb,6.517630120733398
4wkn,6.25898080368717
4wko,6.481433149827002
4wkp,5.879629917594612
4wn5,5.264293652943983
4wop,3.6434284232339635
4wov,5.334019459227151
4wrb,5.991306200826623
4wt2,7.735850651424525
4x24,6.662696394171745
4x3k,4.711598943260748
4x48,5.684202717185615
4x50,5.975841576780371
4x5p,4.690363326374765
4x5q,6.515513518790119
4x5r,4.620637869827542
4x5y,6.492840137431429
4x5z,6.4490937664015
4x6m,7.828439745684891
4x6n,8.35873876435031
4x6o,7.495496721168917
4x8o,10.904477205062035
4x8u,4.5901884594525155
4x8v,6.3708949073622465
4xaq,6.453130418686584
4xar,6.0991206997463925
4xas,7.49822955784849
4xip,7.77453144701717
4xiq,8.693409484437963
4xir,7.789604366804255
4xit,9.459710319250899
4xk9,13.125227715078314
4xmb,8.244603137948248
4xmr,4.341647210708445
4xo8,3.614846952544835
4xoc,3.929692890551394
4xoe,4.189373229165498
4xt2,8.183330799208205
4xtv,9.32908464300984
4xtw,7.952258161479156
4xtx,8.195940178993895
4xty,8.612205694153392
4xtz,8.261293936220069
4xu0,8.030242982119653
4xu1,8.814858788936165
4xu2,8.051917517617467
4xu3,6.266453961374545
4xxh,7.0046206377728835
4xy8,6.003872213355047
4xya,5.969724695090359
4y0a,3.885415270619971
4y2q,4.598610101024585
4y3j,2.3868168531811906
4y3y,1.8570123611429696
4y4j,1.944058140664244
4y59,6.092289657255294
4y5d,6.698854894124116
4y79,5.540365765596347
4y8x,7.651073259246958
4ybk,6.923903679924705
4yc0,5.6189203060923605
4yes,6.8259685219986155
4ygf,2.4714289951244233
4yha,1.8756847632830351
4yhm,5.606837978376817
4yho,7.021714331854131
4yk0,4.4468544281531415
4ykj,3.7140145799435147
4ykk,3.361324764462334
4ymb,6.310448644925909
4ymg,7.001634592268633
4ymh,7.081178535754988
4yml,6.738153323396837
4ymq,7.371509732648831
4ymx,5.680599737473179
4ynb,6.844515019198235
4ynl,4.107643785754565
4yo8,5.943767293201698
4yrd,3.126786243511557
4ysl,3.9729828561722056
4ytc,6.493965587704641
4yth,5.865427840312279
4yx4,3.4921900098261855
4yxi,3.6423306021004613
4yyt,1.310451757645072
4yzu,6.060728786044884
4z07,6.404167386290833
4z0k,6.893364037675692
4z0q,5.025057828506725
4z1e,4.113663091115731
4z1j,5.393722183042964
4z1k,5.15231764600652
4z2b,8.360407004811222
4z83,7.185435520635259
4z84,6.240607775516611
4z93,6.521582136919626
4zae,7.503791758328648
4zb6,4.95750982795733
4zb8,4.93249951100958
4zba,4.519949590537029
4zbf,8.35213714863958
4zbi,8.249588973589917
4zeb,7.988191431482506
4zec,7.131073964181931
4zei,5.623834445865166
4zek,5.786425637805789
4zgk,4.565557606005833
4zip,7.468854536298607
4zji,8.127297504934509
4zl4,6.137335647059385
4zls,6.845352287052202
4zme,4.483019922824425
4zo5,8.01118936779879
4zow,3.9722165847152127
4zt8,1.9929678383282776
4zv1,5.7387790115095925
4zv2,4.880897021431752
4zvi,4.396371793073393
4zw5,7.502712473200267
4zw6,6.8014191570272775
4zw7,8.177381790772122
4zw8,6.43003035947416
4zwx,2.5497249058886045
4zwz,3.7654743772555026
4zx0,4.815943012391495
4zx1,3.7134249251390914
4zx3,5.603591379593034
4zx4,8.028894400313096
4zyf,6.9190584381332005
4zzd,5.044908840783744
4zzx,5.920934432251776
4zzy,8.401093885788306
4zzz,5.772083666145183
5a2i,2.999037145423749
5a5q,4.136915635200473
5a6k,4.618810849247289
5a6x,5.7214198678455706
5a7y,4.950132497919072
5a81,5.001039012964989
5aa9,8.47117677247202
5aan,4.333780949818123
5acy,5.996963529484006
5ad1,4.434601779032049
5afv,2.978836397201045
5ahw,6.682669114557863
5alb,8.24735555984078
5am6,6.604987864718222
5am7,6.411506245375064
5amd,4.758048423414868
5amg,3.8935347403349687
5aml,5.035767092899512
5ant,6.183500791889664
5anu,8.163513361581971
5anv,6.663898086881115
5aoi,3.766746716625901
5aoj,4.8648773664397
5aol,4.994057584017247
5aqz,5.072413474496112
5aut,6.025714622106791
5ave,4.4589150722400515
5avf,3.8563599077244413
5ayt,3.777591678565614
5azf,4.856324923623945
5b25,9.30090851628176
5b2d,5.0153967227431515
5b5f,6.09449159476932
5b5g,5.0180263873187485
5boj,3.864207982345589
5bry,5.366626740387047
5bs4,6.649520442154049
5btx,4.391418482874672
5bw4,6.355696082634714
5bwc,4.9006490584361435
5byi,4.2139502232765444
5c1m,8.115351224501838
5c1w,4.9182537167340366
5c2a,5.467642022786775
5c2o,6.415223239005794
5c3p,4.283401137106407
5c5t,1.831600547329575
5c8n,5.525788421644294
5cap,5.505049779537129
5caq,5.728356880328212
5cas,6.372110589509444
5cau,5.99634169897258
5cbr,7.29028006190428
5cbs,6.743378378425355
5cc2,6.162956602968298
5cep,6.359156370081311
5ceq,6.560671424096828
5chk,7.34622732113534
5cj6,6.449708602194012
5cjf,4.795385883240139
5cp5,6.7034798022698405
5cp9,1.7788309889010003
5cqt,5.711565358104035
5cqu,4.487667214070673
5cs3,3.1714814481621265
5cs6,2.5595593058132633
5cso,4.981488074129366
5csp,4.197177237057489
5cst,3.8084667175865374
5ct2,3.208650335261578
5cu4,7.072774380980203
5cxa,6.667202392095937
5cy9,5.35117470683484
5d0c,5.052168659544252
5d0r,5.952384087431458
5d1r,4.1077840298687835
5d21,3.5043950948586633
5d24,6.097209043067284
5d25,4.393691766521617
5d26,5.11664527901865
5d3c,6.222442490497786
5d3h,3.803021328912238
5d3j,5.292348771034856
5d3l,5.104662626047627
5d3n,5.148244621183085
5d3p,5.788298124058981
5d3t,4.176638643911254
5d3x,2.7919497485856497
5d45,7.870997014499494
5d47,5.697133504305387
5d48,7.891900032501132
5d6j,7.950094694919156
5dbm,5.979477431671701
5dey,8.223243364801547
5dfp,7.412662461905568
5dgu,6.3849766754792645
5dgw,5.982342468538744
5dh4,5.2797407901929505
5dh5,6.2370649503868325
5dhu,6.2551658839916495
5dit,6.078506563635889
5dkn,3.7323785149794864
5dlx,5.073227659777664
5dnu,4.759828929114345
5dpx,3.840979220305153
5dq8,5.806948143098523
5dqc,8.486060135376546
5dqe,4.790032824855501
5dqf,4.959166527132034
5drr,6.004920721720207
5dus,7.090845936765583
5duw,2.446540211417799
5dw2,4.023914901942157
5dx4,5.166971931866623
5dxt,6.438325396633892
5dyo,8.258158203731067
5e13,4.264077876371423
5e1s,6.806599445854748
5e28,4.722378154842673
5e2k,4.418601009781065
5e2l,5.245402665837864
5e2o,6.669030811619973
5e2p,7.582787315852171
5e2r,5.353156310703085
5e2s,-26.195586057110166
5e3a,5.620946326425708
5e6o,4.566426000358967
5e73,5.832568049799599
5e74,5.316239932956417
5e7n,2.8752496812606765
5e89,1.1767390496454484
5e8f,3.8775727917739546
5ect,6.181800375721749
5edb,7.078748570404376
5edc,6.497489527093351
5edd,2.6574007345059094
5edl,5.670849798779402
5eei,3.752894025553306
5eek,4.79311294932914
5een,3.627735421615179
5ef7,3.5967911348770105
5efh,3.2898282450861673
5efj,6.314367086461353
5egm,7.704315660674097
5egu,5.24645642024221
5eh5,3.1740159845604983
5eh7,2.207790345077069
5eh8,3.3165054035510466
5ehq,10.548567020992996
5ehr,8.477421657518152
5ehv,3.8964291550214494
5ehw,2.13337283108255
5ei3,5.277434631367111
5eis,5.4856845504886635
5ekm,3.292413842932609
5el9,3.5507295118866535
5elw,3.69153040573144
5en3,4.711611184018847
5epl,6.216555735060035
5epn,7.582599857385283
5eq1,4.166022409280019
5eqe,5.666063312626772
5eqp,4.558422992713881
5eqy,5.983719728692847
5er2,6.218507961108842
5er4,3.089111288498701
5etb,4.52391839404865
5etj,6.0692707367822685
5eu1,6.470906097861916
5ev8,1.2598361354719783
5evb,0.71132789620956
5evd,0.5740779588552891
5evk,0.7226194709519116
5evz,4.904642343463964
5ew0,3.701374773130551
5ewa,1.6523082399067333
5ewk,4.854209370888503
5ewy,5.294914783668339
5exl,7.24140935979819
5exm,6.873878149725966
5exn,7.360853977855732
5exw,7.291447480490973
5ey4,4.0810292300239634
5eyr,7.323541349282605
5f08,7.2048577566428715
5f0f,6.582770539032705
5f1h,6.31416144172529
5f1r,7.843941441741386
5f1v,1.9548550139114256
5f1x,7.029517640274231
5f25,5.467780168485319
5f2p,4.409532006973534
5f2r,5.645555146507812
5f2u,5.561274379373114
5f5z,6.725846115468219
5f60,5.464253780944989
5f61,6.917381804009591
5f62,6.289605082035038
5f63,5.992423257437138
5f74,4.138454123625537
5f8y,3.5561157951861317
5f9b,4.640218885954494
5fbi,4.4172818057939445
5fck,6.452805863728989
5fcz,4.483162265354319
5fdc,3.2918818945592236
5fdi,3.26159511139894
5fe6,3.437147867222557
5fe7,3.9364183127868957
5fe9,4.679479893481027
5fh7,6.236849513044291
5fh8,6.014530066563819
5fhn,9.391867841035237
5fho,8.385926537295887
5fl4,5.203571448846501
5fl5,4.199548097033281
5fl6,4.115057138595228
5flo,1.480532282560558
5flq,4.317652876682908
5fls,4.017692749732494
5flt,4.322630318661882
5fnc,5.136823644140831
5fnd,3.096581298562564
5fnf,4.245675470381426
5fng,3.988560444928914
5fnr,6.826921902186551
5fns,7.290454929877123
5fnt,8.577693751033301
5fnu,9.862643200689032
5fog,4.398554844846352
5fol,5.8003881459653295
5fot,4.38625777926016
5fou,4.630477690659359
5fov,3.1074489933387466
5fox,4.221759477207721
5fpk,3.6543073095604073
5fs5,3.6107651843227573
5fsn,4.696814905364796
5fso,3.304533242658394
5fsx,6.023553953434355
5fsy,7.462636231184346
5ftg,6.436012243089138
5fto,8.801421933902988
5fut,4.969531301618323
5fwr,3.7647745556281893
5fyx,3.832113763818011
5g17,4.866547355580341
5g1a,5.510087725834706
5g1z,3.858204764837924
5g2g,5.705844027768591
5g45,5.0644223578731795
5g46,3.8380820077311073
5g4m,4.9944405448777704
5g4n,5.278891981052776
5g4o,5.819262345746053
5g5f,2.774693252421686
5g5z,5.780373107529783
5g60,5.368791256154886
5g61,2.2333570919144012
5gj9,2.2034810736223243
5gja,1.9611675728630478
5gmh,6.370361909781024
5gmn,6.276669748347972
5gs9,5.267781569530288
5gsa,6.095308577938437
5h1t,2.877266433591463
5h1u,2.970322775075261
5h1v,4.178283452063806
5h5f,7.584795499652286
5h8e,6.420004828855185
5h8g,6.571435597033088
5h9r,5.671965456446134
5ha1,6.606155982776806
5hbs,7.002950298896296
5hct,5.787258009356517
5hcv,10.581724087059508
5hcy,6.657019480301404
5hi7,6.748412477627529
5his,2.59481181479834
5hjq,1.9796948345856542
5hrv,6.051567802683639
5hrw,5.489713858318888
5hrx,5.429137843846702
5htl,8.645355066029099
5htz,6.833999858255302
5hu9,10.06473182165547
5hva,3.503890076153096
5hvs,7.458382742612937
5hvt,6.725251564360557
5hwu,2.652032287739661
5hwv,4.617633987790063
5hz5,7.967802525321025
5hz6,7.991095638775466
5hz8,9.013443055726851
5hz9,5.785361741059019
5i1q,6.899757210762795
5i29,6.991143912841897
5i2e,6.1076248790016425
5i2f,2.9698607738910128
5i3a,0.5025035357972214
5i3v,6.894730805751426
5i3w,9.03566178035615
5i3x,7.849784829921872
5i3y,7.382591465823773
5i7x,6.935606544139181
5i7y,6.853799809084252
5i80,5.394446835922421
5i88,6.120694511291851
5i8g,7.838705195162606
5i9x,6.427889276014683
5i9y,6.415039277898364
5i9z,6.565820936161078
5ia0,6.743665161900815
5ia1,6.898577201682057
5ia2,8.403083183847357
5ia3,7.339668373209983
5ia4,8.028543964895519
5ia5,7.901803155539119
5ie1,5.8505077551334566
5igm,5.853795622758832
5ih9,6.51660819230011
5ihh,5.436887992403058
5ii2,6.06001112788434
5ikb,6.42790326545251
5ime,6.48866778759942
5ioz,5.9628621763641485
5ipj,7.1483998829311135
5isz,8.755019668101536
5ito,5.4446423377907625
5itp,5.776310924520664
5ivc,5.868827273704326
5ive,5.598429626770685
5ivv,5.106051427487938
5ivy,5.310027223617288
5iwg,7.401710131030531
5ix0,7.899571840205655
5izf,5.514828746314397
5izj,4.847886144990538
5j0d,5.527905023587573
5j1r,5.18831736583955
5j3l,5.571348873024486
5j41,5.4776416729457695
5j6a,5.249416235550534
5j7q,3.458964745250266
5j7w,4.821740934899044
5j8z,3.7974811617966595
5ja0,5.182621915964088
5jfp,7.721083400853968
5jfu,7.8179966303467685
5jg1,8.34476331596078
5jhb,5.050016734270458
5ji8,3.2624134935118407
5jop,4.1017808123611195
5jox,2.6225860949248294
5jq5,6.9296351526025735
5js3,5.378513915444898
5jsg,5.566774676590886
5jsj,4.9183075760696715
5jss,4.819040623662418
5jt9,3.514068441380335
5jvi,3.934505956635896
5jxn,3.833385753452463
5jxq,6.688981148905567
5jy3,8.901811538695888
5jzi,7.008036858490323
5k03,5.9401482256357605
5k0h,5.983848431520859
5k1f,4.089521518257061
5k8s,7.782485141893914
5k9w,5.096741106877886
5ka1,4.701009288561384
5ka7,4.751672387389104
5ka9,3.747322382202615
5kab,3.9826873291930434
5kad,4.761139039966877
5kat,5.287239828340305
5kax,6.381561154233715
5kbe,4.058431741365488
5kby,7.821673754079689
5kej,2.704642016841058
5khm,8.15764339346961
5kly,6.837839958938911
5km9,3.982738740377059
5ko1,5.814588474567934
5kqx,8.315821966983542
5kqy,7.605018630975516
5kr0,6.930108695073029
5kr1,7.321429643642565
5kr2,8.135462440322446
5kva,7.203253168124073
5kz0,6.353733364507535
5l2s,6.739655789019495
5l30,10.27403969201272
5l3a,4.345810117669922
5l4i,3.624761267133083
5l4j,4.487675957469316
5l4m,3.687373094545095
5l7e,6.962526419350365
5l7g,7.168766405992071
5l7h,9.999231874804002
5l8a,6.319690067554662
5l9g,6.014941356035943
5l9i,7.467004433145939
5l9l,5.624615755967824
5l9o,5.7496736359535925
5ld8,4.51315911741563
5ldm,2.878345019247952
5ldp,4.183664489324099
5ljq,4.850845260826969
5ljt,4.067930569650263
5lli,5.872309244779556
5lne,3.676070328252482
5lom,7.015286884644351
5lsg,5.578007845430308
5lsh,3.957879159621899
5lso,7.14465491042473
5lud,2.042023026145716
5lvd,3.425486971321563
5lvl,6.271227157561238
5lvq,4.512205037755804
5lvr,3.7309862161797187
5lwd,4.4187471994063605
5lwm,6.3579630710346375
5lyn,3.74137512244626
5lyr,5.541826612641469
5lz4,6.116473897899337
5lz5,6.735414890942132
5lz7,6.8391808465546635
5m17,5.510597990579458
5m23,4.284796583529685
5m25,4.658638079269884
5m28,6.230284269871912
5m4q,3.193416886675423
5m5d,5.369945384775642
5m77,4.362957321350859
5m7s,4.566966692130994
5m7u,5.6578305284653725
5meh,3.684542681536675
5mek,7.835719849130247
5mes,7.317060742209081
5mg2,6.429761062795984
5mge,3.366428810853645
5mgf,2.811260768562534
5mgj,3.344536389861668
5mgk,2.865167843154446
5mjn,3.1626215874501153
5mkr,5.043429107997556
5mks,4.800176915960064
5mn1,3.3063368309302863
5mo8,6.463706433684066
5mod,2.8724257383672516
5mpz,3.815058890426734
5mqe,3.0618623117626282
5mrb,7.205227077801513
5mrm,5.388407945348297
5mro,7.111930817458975
5mrp,7.979133270489293
5mxf,3.7559685542518135
5my8,8.22056578640139
5mz8,4.503689317214346
5n0d,6.108346034521643
5n0e,5.810292667947098
5n0f,4.680568971215886
5n17,5.732781040041113
5n18,6.670338824056831
5n1r,4.172774411447393
5n1s,4.196353608905404
5n1z,8.048688755366914
5n24,4.999570471729062
5n25,4.686008064643163
5n2t,4.249095188458323
5n2z,4.856789722695759
5n34,4.055815366755826
5n3v,4.2735945411894285
5n6s,4.137574887458087
5n84,4.156325980185931
5n93,6.122858677323744
5n99,6.799546670774086
5n9r,9.331802091307805
5nbw,9.764563951553322
5ndf,2.025014842503188
5ne5,5.267050621403809
5nea,4.072213436041109
5neb,5.122143827556694
5nee,2.752801705769573
5ngz,2.741022599118938
5nih,6.527917953311636
5njz,6.523106286170917
5nk2,6.932200815500111
5nk3,6.24162480764666
5nk4,7.003288843291718
5nk6,6.926499420113571
5nk7,6.303444832877643
5nk8,6.371934322592819
5nk9,6.355547095121852
5nka,6.69675018320299
5nkb,7.387443702334192
5nkc,7.085733496711575
5nkd,6.64862092130175
5nkg,6.764276500123753
5nkh,4.9604416643899985
5nki,6.986631619670684
5nn5,3.900751541574157
5nn6,4.449499830846294
5nvv,5.550028969775593
5nvw,5.7720392496800805
5nvx,5.78367216670542
5nw0,5.360730192342817
5nw1,5.800218524031672
5nw2,5.454958498980601
5o07,2.82964831077484
5o2d,8.817115984729607
5o4f,5.83160697542086
5oei,5.010477336931161
5oku,3.7954978092486855
5oot,5.96444787914188
5op4,5.618333099439558
5op5,6.861738115579386
5org,6.815582763355586
5orv,2.3885434995450323
5orw,3.1480753699972293
5os2,2.8979900370529643
5os4,4.706943608087749
5os5,3.9938704857922325
5ose,1.8231383363878064
5ot8,6.744986464303609
5ot9,5.116254274231376
5ota,5.382422564373862
5otc,5.097530460907295
5ouh,5.459673639000312
5ovr,4.632631364612881
5ovx,4.900637866885883
5std,8.3197634910914
5sxm,4.878540500629734
5sym,6.85723491554276
5sz0,3.4047563731411477
5sz1,4.381980508644445
5sz2,3.2841614735582505
5sz3,3.687800821606667
5sz4,4.535790180724891
5sz5,4.786413057817673
5sz6,4.394891710551259
5sz7,4.363042656921606
5t19,7.540192275555432
5t7s,3.712124956628984
5t8o,8.480418195100771
5t8p,5.510455648049565
5t9u,5.024373744996967
5t9w,6.443018153553079
5t9z,7.185213088573805
5ta2,7.3986240610458145
5ta4,7.785918149936746
5tb6,5.001218077769179
5tbe,8.68070637541883
5tbm,8.15350461828839
5tcy,4.582452300333987
5tfx,5.045086506644152
5th4,2.309890683248281
5ti0,2.7094110161964045
5tmp,6.759050745623343
5tp0,3.0278141185065146
5tpx,7.647405928120516
5tt3,2.5677509960010454
5ttw,3.565426815268075
5tuo,2.9224330822968145
5tuz,6.12907488402233
5twj,6.04913923627681
5txy,3.9739803030892964
5ty9,4.47115163350764
5tya,3.9670051693885755
5u0d,3.9813408458021606
5u0e,3.1919448480800394
5u0f,3.189504040915111
5u0g,3.515505856117096
5u0w,2.8230599850300457
5u0y,3.8316496642180886
5u0z,3.6945175004435264
5u11,4.025758360111857
5u12,4.011641268664325
5u13,3.509661768464718
5u14,5.8304017853520325
5u28,6.1058629093072865
5u49,5.08666941111408
5u4b,5.0770390821137275
5u4d,2.6290780684165878
5u6j,9.43790148514994
5u8c,7.145055008346593
5ueu,6.683828838953751
5uez,5.422789436960647
5uf0,4.672051152258754
5ufc,5.404388080178487
5uff,2.8331839663177316
5ufp,8.730298233044921
5ufr,7.8991955243281
5ufs,9.848345295757582
5uk8,6.938726188774681
5ula,4.624036603747698
5uln,4.224427962473289
5ulp,6.54028951265426
5ult,5.949283328537024
5uoo,6.938163113902131
5uov,7.115219034820296
5upe,8.561383465470385
5upf,9.499444519511941
5upj,6.915690480976263
5upz,7.397085222884805
5ut6,6.4357436458828525
5uv2,4.41908679300962
5uxf,9.107687100482192
5v0n,10.94036780728001
5v79,3.9972485852915938
5v7a,3.6023281543690784
5v82,8.212602298918169
5vb5,6.6367403912268665
5vb6,8.196806125195408
5vb7,8.439870509030069
5vc3,6.348644706497835
5vc4,6.478357571920657
5vcv,6.782316579674021
5vcw,5.496389618050103
5vcy,6.66161990693093
5vcz,7.161659072103883
5vd0,8.259457822505228
5vd1,8.389749151182212
5vd2,5.793685106830351
5vd3,7.170568945056127
5vgy,4.611960921015124
5vi6,6.870231802756265
5vih,5.262773001052149
5vij,6.847681528450456
5vkc,8.382122109678736
5vo1,6.681548560587892
5voj,7.879785878814531
5vp9,7.3622354348411845
5vsf,5.842541819498614
5vsj,5.281250600270468
5w1e,4.264241902529949
5wa8,5.13824497102409
5wa9,5.3491102155474675
5wal,6.028437666179886
5wbm,5.229080838988741
5wbo,4.297727020913512
5wcm,1.147537584558609
5we9,3.1110743561517062
5wex,4.213757169034527
5wl0,8.584482125739028
5wlo,8.91381027952041
5wp5,6.459263388230097
5wqc,6.296564127882257
5wuk,6.004861266609441
5wxh,3.2273402241989273
5wyz,10.032605777156837
5x54,6.519818768281487
5x62,7.0646507144338555
5x74,9.878515616847952
5xg5,3.2453414830592253
5yas,4.062512460379727
5yjm,8.643930941258272
6ayi,6.662158500287283
6b4l,7.568374697530534
6b4n,7.365855201879013
6b4u,7.501626193352973
6b7a,3.938109635820224
6b7b,3.260475606636806
6b96,7.044645818340735
6b97,7.195096626398833
6b98,3.375463889274444
6en5,6.848562863033581
6ep4,3.2556464526988025
6eqp,5.8539526541984435
6equ,5.811902852241027
6euw,6.860367150672305
6eux,6.620262931881913
6ezq,4.754614016428252
6upj,6.3729506552509765
7std,6.958260340284912
7upj,7.485174614468001
8a3h,6.863967332497175
966c,5.630387448279445
4pcs,5.601027815111171
1sl3,7.705547430674796
3kwa,1.8578274207643861
3bv9,5.980252446527336
3ueu,3.5765330299592146
4ty7,7.8107137290138455
1xd0,7.252130864949077
4m0y,5.1085544876511975
4crc,7.0438260372840515
1b9j,6.0400523969360504
3cj2,4.850204194838531
1m0q,3.7539432333903573
1uwt,5.268333452852578
3oe5,7.441560443625541
1k4g,5.328364928457333
1zoe,4.505421909089264
2r9w,6.565204701424783
2cet,6.96107711359145
4de2,5.492982140731304
2yfe,5.916441024821629
4g8m,6.038626873221442
2j78,5.0923431773609105
2c3i,6.19127122513087
4j21,9.410976014163625
2cgr,7.628399178416377
1ajq,3.76279330149589
2cbj,4.881792345452704
3uuo,6.041430356562045
1vzq,7.042672608135186
1y6r,7.306332242339281
3pww,7.850554249002378
3jvs,4.9490241847072
2wca,4.5906696961137765
3gbb,5.965982520471541
3pxf,3.8388605199462
3o9i,8.075583449590008
1f4g,6.0163913612667494
2br1,5.965429238205469
1fki,8.355749920958493
1pxo,5.03916897444318
1toi,5.147146800049583
2zda,5.667791707670342
3gss,4.98481965874795
1syh,7.582546697521538
4kzu,8.707298897784854
2qnq,7.076655051033511
1hfs,9.645007417993162
2qwd,3.810979570356277
4djr,5.729807585030909
5aba,4.614839247848103
1p1q,3.1361895938831608
3pe2,7.691274007259544
2wtv,7.911711874352236
1jqe,6.1040309924237945
4qd6,4.446350108919464
4u4s,4.4875042371199845
3fcq,4.329966379858548
1sqa,4.663280124476947
2vw5,7.516496965763454
2ceq,5.065621602430929
1f8d,4.323534386081474
2xys,8.336665529874415
3u8k,4.852193492897581
3nx7,4.610379065332795
3f80,1.8600615339854152
2vvn,5.0273468502712255
1yc1,7.165318709039519
3b68,6.841227501308806
2fxs,3.392799950366051
2xb8,7.612712821780561
4rfm,8.32865587724636
2qwb,4.782304010191832
1hnn,4.512411381963758
3u8n,4.689938746936704
3su5,7.896364761583733
1tmn,5.713568645600913
1g7q,4.66493542470787
4w9h,5.221962663286236
1fh8,5.098896529511136
3cj4,4.910236020179232
2wer,5.76415095542518
1qf1,5.469514509039967
5a7b,6.339864235845493
1v48,5.528967521390561
2cbv,5.63501550404868
3owj,7.248422264981044
3zso,3.9475150846075016
3uri,5.737815488979233
1s39,6.31697401820048
1pbq,5.8678123399899516
3kgp,2.677730535292571
2qbq,5.775422595218627
2fzc,2.475780060024677
2i0d,6.945725104519709
1p1n,5.627341947664429
1utp,2.199248219471712
2qwe,4.969692529889284
1eby,9.63620666265597
4eor,6.652627496295505
1k9s,6.883831634740131
2d3u,7.2575119022093695
4f09,6.141897602734886
4cr9,5.1941383709195135
3qgy,4.634198881121437
1rdj,3.307699751910616
3e93,9.944565348606037
2g94,6.72544811596203
1zea,3.305834260376338
1q8t,4.360308771034195
3r88,4.294444749063268
1fcz,10.799451500573149
4cig,5.976264757274649
1g2k,8.619415150937721
4jxs,4.633536131504365
4des,-5.750488520707037
1x1z,5.548840217296214
1a30,4.057440939431364
3n7a,6.092878612587825
5er1,4.647187724408192
3mfv,3.403917356607452
4wiv,5.807837521608397
3g0w,7.933857853904833
4ogj,5.049643566016414
3arq,6.021212121542057
3su3,8.117365004077085
2xj7,5.989517651200396
2obf,6.069749875027855
1nc1,6.0420710728145375
3e92,9.106630198454335
3pcj,2.508968427458327
2bzz,3.7672283030231077
1lol,4.716168942863
2x0y,5.185463170786824
2wbg,5.5256303409968455
3ge7,7.132172135051379
3oe4,7.655598842384109
1hi4,2.0615643472428333
2j77,4.880575614097669
2weg,3.9590514745118317
1w3k,5.87257714251395
2vl4,5.555421198586148
2baj,7.678854184356416
3uex,4.001073647329539
3utu,6.64616647443494
2wvt,3.4644790319058645
3bfu,4.826053179109326
2hb1,3.415922042943053
1nny,7.696009431964104
3kv2,2.9802759103534804
2f01,6.092514887204314
2w66,4.762135787412077
1nc3,7.413349343302891
1kv1,6.04734439140356
1syi,7.235721953849478
4mme,7.04411142181573
1qkt,7.248461435406962
4w9l,5.368088986375952
3vh9,4.254266384151206
1zc9,1.9448910368188903
1hk4,3.547581538639553
2yki,11.005327062359454
5dwr,7.535514907017855
3pce,0.9288292491513104
1b11,4.815562499682591
4m0z,7.319932773795038
3l4w,4.497814802534693
2xnb,6.626256706519045
1ndz,5.395675808035555
2vkm,8.078762549336275
3mss,3.5712268361912973
3k5v,6.331710492007818
2gss,3.8938946186230776
1fzk,6.0337515541386075
1ela,4.9159178303528135
1pb9,3.550199312192997
3gc5,7.143265759248474
1nje,5.19608010488995
1zs0,5.30398133832425
3ov1,4.686554701926267
2xhm,5.6546231001075045
1ydt,6.06093652919662
2j62,7.772872999162736
3bpc,3.2961913408819408
3tsk,5.241185549804808
2iwx,6.955120410964561
1sv3,3.120845978474115
1axz,3.880423139731279
1jq9,1.3183085756648616
3wtj,4.382198394138606
3l3n,5.862278468121395
3myg,5.344206917588979
4cra,7.470005167559906
1b39,4.076486509825475
4ivc,7.085445314292332
3gcs,7.53847367311834
3u9q,3.9790081070444487
1igj,6.708769208712364
1u2y,2.904630298585692
1li3,4.00881854984671
3dx1,4.201827675927248
1jys,2.7581678792521744
1pxn,5.73762698130451
1bxo,8.988736309579956
4gqq,2.7747231548450424
2bak,7.425110263684352
1rdl,2.7553129847275564
1o3p,4.147883704193067
3imc,4.602771259306333
1y1m,5.0186202389545205
4e5w,7.711300586981296
1trd,2.16962296185269
2xbv,7.3045940546892325
1lpg,5.249990152237401
1dhi,6.1129611500608885
2zxd,4.357822847932273
5c2h,7.182022797277275
2pog,7.283169930128527
3bkk,6.761267372047088
1re8,9.369239225877596
3dxg,3.118812963421855
2x00,10.3406650891374
3gnw,9.630868992652942
3ryj,4.342494271168892
2zx6,5.751359013475844
1h23,6.290659885647221
2qbr,5.139746737174857
3f3d,4.161753532327
3b3w,2.608617990990159
2d1o,4.899123510241071
2b7d,4.059355743733984
3uev,3.520213301946002
4ih7,5.573827451671548
3ui7,6.377284583089892
2qe4,6.701121882524039
1z6e,7.733866949140607
4er2,5.529981755633045
1j16,3.021438781952642
2g70,5.764150255953289
3u5j,6.528969259564362
2jdu,5.194277915561842
2y5h,5.942015815585712
1slg,4.799923007663497
2bz6,6.016164732373946
2c02,4.701155128450734
3g2z,3.113756481119156
2ole,3.86401178048006
4de3,5.857212892684109
3uew,3.6505959117048095
3ozt,7.60227530221757
1e66,9.106602219578681
4w9i,4.8098981763062945
2xii,6.353471062548273
3huc,6.464208654502068
3std,9.224151268810616
1pz5,3.9291640898015197
2ymd,5.203742469723941
1l2s,5.07425868134554
4qac,8.032902374250632
2zb1,7.571692992183184
1xgj,3.7521578313876414
1fh9,3.746891157781587
2bok,6.033462672247473
1ndw,4.6434046306837296
3su2,7.647349270897316
4x6p,8.180211154572707
1if7,3.384674884875922
4dew,-5.503687558028689
2x8z,3.411219843153332
3f3e,4.865188631431359
3ivg,4.511173316716036
3coz,7.610941059479727
3udh,5.562428507993872
4ivd,7.0031755288453175
3rlr,6.943528063308922
1ppm,6.333694194291738
3b27,5.673752607128579
4jia,7.341084803790004
1fd0,12.018457538198284
2b1v,6.03939769124573
4j3l,8.021029538366555
3ejr,7.231399217560825
1li6,2.563553290312974
3ao4,4.960090879236477
2d0k,5.846391363052757
3f17,4.484782941726618
3zt2,7.514863698897111
1lbk,3.6715930086758357
4ddk,4.109751294563256
1bra,2.3811951975902668
3jya,5.499400145070551
1nvq,10.564240087662878
1f4f,4.17308742511878
1nja,5.268143895970017
2drc,5.878857700626542
2brm,5.5723225378972705
2vo5,7.552038531507638
1fh7,3.6737162556020833
1gni,4.50533307615906
3aru,4.050079347510664
2vot,6.020088070212628
6std,6.479459240149562
4w9c,4.755827600159775
1flr,9.459980315400966
1nhu,4.734215317660291
1ps3,5.444621353634021
2fai,5.840954368041155
1q7a,4.428517422784987
2qbp,6.5805238353176305
1vfn,3.1102042131188443
4de1,5.826223490008947
1j17,6.637994544328089
1nwl,1.32666402970921
3uo4,6.865614588801347
1tok,3.7531325454682625
1z95,7.146290975178639
4llx,3.748647881436758
3rsx,5.885092793066195
3coy,8.266235705132582
2p4y,8.385450896409758
3ehy,4.140694182357642
3dd0,3.9294739558493963
1n2v,4.392876881768173
2xdl,4.759242421933433
4mgd,6.361859828941447
1bma,4.94277510282972
1m0n,3.5926163368933812
1o0h,3.2462927648314857
1toj,5.19385263665189
1gpn,7.118664633357174
4dld,5.514429347864426
3s8o,5.19376590213736
2std,6.180302806402329
1fcx,11.81024574029481
1w3l,-6.804487740214708
1o3f,0.5567186840402875
4agq,5.988682481762102
4kz6,3.8688216989410504
1k1i,5.3239662994684664
1ndy,5.801804926281295
2hdq,2.321156377530652
2flb,1.7424196298599004
3f3c,5.957125107911149
3p5o,6.490634702557946
4gid,8.367113541305656
4e6q,6.219487221756758
1ha2,6.407040117348681
1b8o,7.053231136335383
1mq6,6.377251008439106
1om1,7.175077041395992
3gv9,3.0064221696528115
2pcp,6.616315112527033
1ai5,4.3352550868291795
2g5u,5.440490622379548
2f80,6.736103171283237
1gz9,5.357726310305337
1o5b,3.5146245215339724
3qqs,6.098905262403851
5abp,4.717860265896327
2jdy,4.368368086166535
1m2q,6.218955623119318
2j7h,4.764313243409904
3ebp,7.267349274889568
1ajp,4.245928329470155
3pch,1.9131848503230493
1f8b,3.956622558369057
3l7b,6.2723323231496
3e5a,5.665838782149643
4ciw,6.24339447153182
3zsx,5.8082806370515785
3kr8,8.831720258349478
4hge,6.412707938084434
3bgz,7.494617485001467
1f4e,4.909179817623267
1oyt,7.817760908319378
3fv1,8.46477450625033
1e1v,4.51184550920364
1sln,5.080300719543176
3ag9,3.7664438452969384
1jaq,3.474376908904666
1bcu,5.2430723752317725
2p15,10.310031717654944
1elb,3.129784879509851
3arv,8.362071048440786
1b7h,5.573522481926912
1fkb,8.647615759181999
4bkt,3.8561381751348773
2wnc,6.108424375373477
1jqd,5.116658568984587
3n86,8.865367654211838
1q8u,6.382580284779438
4f2w,6.617519603123969
1w4o,3.636293809942011
2ctc,4.26772702122869
1u33,5.367741348845942
1df8,5.810422419982946
3f3a,4.947077204697577
3dx2,4.666106340654019
2brb,5.792898900424453
1zvx,5.6085460887355385
3nox,4.582074585512649
3n76,8.39955155026784
2yge,6.600767251325708
4djv,6.504776625257621
1c84,5.621613272874127
1ydr,5.393412666731034
1tyr,-31.426404734013012
1e5a,2.9278296828066908
1a69,4.976335414441604
1fo0,7.859548058581585
4abg,4.114662286712551
4j28,4.77936517904025
4gkm,5.962498450980638
1n1m,4.162048359729212
3jvr,5.129044467500982
3up2,6.250559162115101
1apw,6.077255907894124
2v00,5.975007106813969
4ih5,4.165193185352802
1z9g,4.185508996701636
4lzs,4.6126446547889355
2fvd,6.998984992744132
2zwz,5.055382732885087
3pyy,6.408015181165248
1ttm,3.8234147816410142
2usn,4.39749269677931
1qi0,2.038150400019158
8abp,4.7576864467110855
4twp,6.163764493002828
3nq3,3.0831587827031606
2d3z,6.659512398122239
4dli,6.738028117928282
2cer,7.041545059446301
1det,4.3253991781438605
1ax0,3.789585523086899
2fdp,7.694408340804762
5c28,4.716932066696482
1f8c,4.254860935258869
1d7j,2.156118957517942
3g2n,6.474315323860442
1owh,4.557934411597761
2al5,6.721281361905152
1c5z,2.261333694285469
3cyx,8.60809839520728
2v7a,6.810980238310385
3d4z,4.701379658927864
3acw,7.617451743844578
1fkn,5.3570607628007005
1ftm,5.39248271885146
2rkm,4.0715982505126505
3gy4,3.1309984632413745
1uto,3.2347560251912095
3b5r,7.128916093397061
2w4x,4.281401346968985
1rdi,3.175966461929577
3cft,4.201879786583155
4jsz,2.7415146775945156
4jfs,4.980992848030278
1r5y,6.327040118189156
4agp,5.673763448942895
4gfm,5.222440752323986
4eky,7.2352994728270925
3rr4,5.416687244180354
1tsy,5.3751994678876525
4eo8,6.395623337137774
6fiv,4.803418618440608
1avn,0.3954753307173363
3twp,3.650095439566536
3nw9,8.373388503643117
3b3s,2.8782073981533256
4f3c,6.672681355421021
4fiv,6.675582065354524
3syr,7.680921123795407
4kzq,8.458675810829492
3b65,7.062974779782139
1y6q,6.804732555376687
6rnt,3.3850193747824204
2ayr,7.8001181288034065
4ea2,5.703140568908455
10gs,5.4126617834455315
1nfy,7.604054059237318
3l4u,4.03785362805739
2r23,3.0076357533843345
1s38,6.837125098665933
3ozs,7.3781533166730435
3g31,2.2099595822801734
1pr5,5.095463871204249
3ary,2.5477999592435596
2qmj,6.281269475505607
3fur,8.09519034617694
3fv2,8.761074296793215
3nq9,1.8305056989516113
1l83,3.589566289711072
1abf,4.117137717736101
3zdg,3.346036057596761
4tln,1.110336609186141
4owm,3.620160490767611
3wz8,6.588448152374937
2aou,6.28318323060039
2g8r,3.6792826529135882
4ddh,5.011613279282742
3lka,2.838247967943262
3d6q,3.9718318751749595
1u1b,5.591325440506006
1h22,6.9903542090765445
2er9,5.953554303905716
3prs,6.526601547212082
4f9w,7.221468115647184
2zy1,5.570106610945417
3b1m,7.814230673683644
4agn,4.821687425299354
1v2o,2.8157185029262215
4k77,5.123944268205074
3arp,8.123339193501257
1loq,4.473503957478311
4ivb,7.608280268404963
2wn9,5.300234617138138
1rnt,4.034021221564585
2jdm,5.315192124063148
4gr0,6.707742383975836
